,Економска класификација,ОПИС,Приходи из буџета   ,Сопствени приходи ,Донације од осталих нивоа власти ,Остали,УКУПНО
,,ФУНКЦИОНИСАЊЕ ЛОКАЛНЕ САМОУПРАВЕ,,,,,
,,ОРГАНИ ГРАДА,,,,,
,,ФУНКЦИОНИСАЊЕ СКУПШТИНЕ ГРАДА,,,,,
,,"ИЗВРШНИ И ЗАКОНОДАВНИ ОРГАНИ, ФИНАНСИЈСКИ И ФИСКАЛНИ ПОСЛОВИ И СПОЉНИ ПОСЛОВИ",,,,,
,,ПРОГРАМ 15 - ЛОКАЛНА САМОУПРАВА,,,,,
,,Функционисање локалне самоуправе и градских општина,,,,,
,416,Награде запосленима и остали посебни расходи (комисије),"100,000",,,,"100,000"
,417,Одборнички додатак,"21,000,000",,,,"21,000,000"
,421,Стални трошкови,"300,000",,,,"300,000"
,422,Трошкови путовања,"350,000",,,,"350,000"
,423,Услуге по уговору,"4,600,000",,,,"4,600,000"
,425,Текуће поправке и одржавање,"140,000",,,,"140,000"
,426,Материјал,"300,000",,,,"300,000"
,465,Остале дотације и трансфери,"350,000",,,,"350,000"
,512,Машине и опрема,"150,000",,,,"150,000"
,,Информисање,,,,,
,423,"Услуге информисања-радио и тв преноси, штампани медији","1,850,000",,,,"1,850,000"
,,Укупно за функцију 110:,"29,140,000",0,0,0,"29,140,000"
,,Укупно за главу 1:,"29,140,000",0,0,0,"29,140,000"
,,ФУНКЦИОНИСАЊЕ ИЗВРШНОГ ОРГАНА ВЛАСТИ,,,,,
,,"ИЗВРШНИ И ЗАКОНОДАВНИ ОРГАНИ, ФИНАНСИЈСКИ И ФИСКАЛНИ ПОСЛОВИ И СПОЉНИ ПОСЛОВИ",,,,,
,,ПРОГРАМ 15 - ЛОКАЛНА САМОУПРАВА,,,,,
,,Функционисање локалне самоуправе и градских општина,,,,,
,411,"Плате, додаци и накнаде запослених","18,900,000",,,,"18,900,000"
,412,Социјални доприноси на терет послодавца,"2,800,000",,,,"2,800,000"
,416,Награде запосленима и остали посебни расходи,"100,000",,,,"100,000"
,421,Стални трошкови,"700,000",,,,"700,000"
,422,Трошкови путовања,"1,000,000",,,,"1,000,000"
,423,Услуге по уговору,"8,850,000",,,,"8,850,000"
,425,Текуће поправке и одржавање,"200,000",,,,"200,000"
,426,Материјал,"2,000,000",,,,"2,000,000"
,465,Остале дотације и трансфери,"2,200,000",,,,"2,200,000"
,512,Машине и опрема,"180,000",,,,"180,000"
,,Укупно за функцију 110:,"36,930,000",0,0,0,"36,930,000"
,,Укупно за главу 2:,"36,930,000",0,0,0,"36,930,000"
,,ОДЕЉЕЊА И СЛУЖБЕ ГРАДСКЕ УПРАВЕ,,,,,
,,"ИЗВРШНИ И ЗАКОНОДАВНИ ОРГАНИ, ФИНАНСИЈСКИ И ФИСКАЛНИ ПОСЛОВИ И СПОЉНИ ПОСЛОВИ",,,,,
,,ПРОГРАМ 15 - ЛОКАЛНА САМОУПРАВА,,,,,
,,Функционисање локалне самоуправе и градских општина,,,,,
,411,"Плате, додаци и накнаде запослених","153,000,000",,,,"153,000,000"
,412,Социјални доприноси на терет послодавца,"22,900,000",,,,"22,900,000"
,413,Накнаде у натури,"350,000",,,,"350,000"
,414,Социјална давања запосленима,"6,770,000",,,,"6,770,000"
,415,Накнаде трошкова за запослене,"15,800,000",,,,"15,800,000"
,416,Награде запосленима и остали посебни расходи,"1,700,000",,,,"1,700,000"
,421,Стални трошкови,"31,000,000",,,,"31,000,000"
,422,Трошкови путовања,"1,700,000",,,,"1,700,000"
,423,Услуге по уговору,"12,000,000",,,,"12,000,000"
,424,Специјализоване услуге,"250,000",,,,"250,000"
,425,Текуће поправке и одржавање,"10,360,000",,,,"10,360,000"
,426,Материјал од чега је за:,"14,320,000",,,,"14,320,000"
,,*изводи из матичних књига грађана,"2,000,000",,,,"2,000,000"
,465,Остале дотације и трансфери,"20,000,000",,,,"20,000,000"
,482,"Порези, обавезне таксе и казне","654,000",,,,"654,000"
,483,Новчане казне и пенали по решењу судова,"150,000",,,,"150,000"
,485,Накнаде штете за повреде од стране државних органа,"200,000",,,,"200,000"
,512,Машине и опрема,"1,500,000",,,,"1,500,000"
,,Укупно за функцију 110:,"292,654,000",0,0,0,"292,654,000"
,,Укупно за главу 3:,"292,654,000",0,0,0,"292,654,000"
,,ГРАДСКИ ЈАВНИ ПРАВОБРАНИЛАЦ,,,,,
,,ПРОГРАМ 15 - ЛОКАЛНА САМОУПРАВА,,,,,
,,Градско (општинско) јавно правобранилаштво,,,,,
,411,"Плате, додаци и накнаде запослених","2,560,000",,,,"2,560,000"
,412,Социјални доприноси на терет послодавца,"384,000",,,,"384,000"
,421,Стални трошкови,"36,000",,,,"36,000"
,422,Трошкови путовања,"80,000",,,,"80,000"
,423,Услуге по уговору,"100,000",,,,"100,000"
,426,Материјал,"100,000",,,,"100,000"
,465,Остале дотације и трансфери,"350,000",,,,"350,000"
,,Укупно за функцију 110:,"3,610,000",0,0,0,"3,610,000"
,,Укупно за главу 4:,"3,610,000",0,0,0,"3,610,000"
,,ФИНАНСИЈСКИ И ФИСКАЛНИ ПОСЛОВИ И УСЛУГЕ,,,,,
,,ПРОГРАМ 15 - ЛОКАЛНА САМОУПРАВА,,,,,
,,Функционисање локалне самоуправе и градских општина,,,,,
,424,"Специјализоване здравствене услуге (мртвозорство, интерресорна комисија, медицинске услуге- израда лекова)","5,350,000",,,,"5,350,000"
,465,Остале дотације и трансфери,"150,000",,,,"150,000"
,481,Финансирање политичких странака,"1,887,000",,,,"1,887,000"
,481,"Oбележавање значајних датума, јубилеја, манифестације и програми под покровитељством града","5,000,000",,,,"5,000,000"
,481,Противградна заштита,"3,500,000",,,,"3,500,000"
,472,Решавање стамбених потреба социјално угрожених лица,"2,000,000",,,,"2,000,000"
,,Информисање,,,,,
,481,Средства за јавно информисање,"10,000,000",,,,"10,000,000"
,,Програми националних мањина,,,,,
,481,"Средства за дел. покриће трошкова избора, избора у МЗ, референдума, зборова грађана и националних мањина","1,600,000",,,,"1,600,000"
,,Укупно за функцију 112:,"29,487,000",0,0,0,"29,487,000"
,,Опште услуге,,,,,
,,ПРОГРАМ 15 - ЛОКАЛНА САМОУПРАВА,,,,,
,,Канцеларија за младе,,,,,
,423,Услуге по уговору,"520,000",,,,"520,000"
,481,ЛАП за младе (3.000.000) и Програми за децу (500.000),"3,500,000",,,,"3,500,000"
,512,Машине и опрема,"480,000",,,,"480,000"
,,Укупно за функцију 130:,"4,500,000",0,0,0,"4,500,000"
,,Организовање и функционисање ЦИВИЛНЕ ЗАШТИТЕ,,,,,
,,Јавни ред и безбедност,,,,,
,,ПРОГРАМ 15 - ЛОКАЛНА САМОУПРАВА,,,,,
,,Функционисање локалне самоуправе и градских општина,,,,,
,423,Услуге по уговору,"200,000",,,,"200,000"
,424,Специјализоване услуге,"1,000,000",,,,"1,000,000"
,426,Материјал,"1,300,000",,,,"1,300,000"
,,Укупно за функцију 360:,"2,500,000",0,0,0,"2,500,000"
,,ПРОТИВПОЖАРНА ЗАШТИТА,,,,,
,,Услуге противпожарне заштите,,,,,
,,ПРОГРАМ 15 - ЛОКАЛНА САМОУПРАВА,,,,,
,,Функционисање локалне самоуправе и градских општина,,,,,
,416,Награде запосленима и остали посебни расходи (комисије),"50,000",,,,"50,000"
,481,Дотације осталим непрофитним организацијама,"950,000",,,,"950,000"
,,Укупно за функцију 320:,"1,000,000",0,0,0,"1,000,000"
,,Укупно за главу 5:,"37,487,000",0,0,0,"37,487,000"
,,СРЕДСТВА РЕЗЕРВИ,,,,,
,,ПРОГРАМ 15 - ЛОКАЛНА САМОУПРАВА,,,,,
,,Функционисање локалне самоуправе и градских општина,,,,,
,499,Стална буџетска резерва,"2,000,000",,,,"2,000,000"
,499,Текућа буџетска резерва,"9,000,000",,,,"9,000,000"
,,Укупно за функцију 112:,"11,000,000",0,0,0,"11,000,000"
,,Укупно за главу 6:,"11,000,000",0,0,0,"11,000,000"
,,ТРАНСАКЦИЈЕ ВЕЗАНЕ ЗА ЈАВНИ ДУГ,,,,,
,,ПРОГРАМ 15 - ЛОКАЛНА САМОУПРАВА,,,,,
,,Управљање јавним дугом,,,,,
,441,Отплата камата домаћим пословним банкама,"2,443,000",,,,"2,443,000"
,611,Отплата главнице домаћим пословним банкама,"36,057,000",,,,"36,057,000"
,,Укупно за функцију 170:,"38,500,000",0,0,0,"38,500,000"
,,Укупно за главу 7:,"38,500,000",0,0,0,"38,500,000"
,,КОМУНАЛНА ОБЛАСТ,,,,,
,,ГРАЂЕВИНСКО ЗЕМЉИШТЕ И ПУТЕВИ,,,,,
,,Развој заједнице,,,,,
,,ПРОГРАМ 2 - КОМУНАЛНА ДЕЛАТНОСТ,,,,,
,,Остале комуналне услуге,,,,,
,416,Награде запосленима и остали посебни расходи,"1,200,000",,,,"1,200,000"
,423,Услуге по уговору,"3,530,000",,,,"3,530,000"
,424,Специјализоване услуге,"2,125,000",,,,"2,125,000"
,465,Остале дотације и трансфери,"200,000",,,,"200,000"
,482,"Порези, обавезне таксе и казне","1,500,000",,,,"1,500,000"
,485,Накнада штете за повреде или штету нанету од стране држ.орг.,"8,100,000",,,,"8,100,000"
,541,Земљиште,"9,000,000",,,,"9,000,000"
,,Укупно за функцију 620:,"25,655,000",0,0,0,"25,655,000"
,,Водоснабдевање,,,,,
,,Водоснабдевање,,,,,
,421,Стални трошкови,"2,000,000",,,,"2,000,000"
,451,ЈКП ''Водоканал'' Сомбор-средства за реализцију средњорочног програма водоснабдевања и инвестиционе пројекте,"31,500,000",,,,"31,500,000"
,,Укупно за функцију 630:,"33,500,000",,,,"33,500,000"
,,Заштита животне средине,,,,,
,,ПРОГРАМ 6 - ЗАШТИТА ЖИВОТНЕ СРЕДИНЕ,,,,,
,,Управљање заштитом животне средине и природних вредности,,,,,
,424,Специјализоване услуге,"37,400,000",,,,"37,400,000"
,451,ЈКП ''Чистоћа'' Сомбор-средства за услугу изношења комуналног отпада за социјално угрожене категорије становништва,"10,000,000",,,,"10,000,000"
,,Укупно за функцију 500:,"47,400,000",,,,"47,400,000"
,,ФОНД ЗА ЗАШТИТУ ЖИВОТНЕ СРЕДИНЕ,,,,,
,,Заштита животне средине,,,,,
,,ПРОГРАМ 6 - ЗАШТИТА ЖИВОТНЕ СРЕДИНЕ,,,,,
,,Праћење квалитета елемената животне средине,,,,,
,424,Специјализоване услуге Програм коришћења средстава буџетског фонда,"3,500,000",,,,"3,500,000"
,,Укупно за функцију 500:,"3,500,000",,,,"3,500,000"
,,Јавни ред и безбедност некласификована на другом месту,,,,,
,,ПРОГРАМ 2 - КОМУНАЛНА ДЕЛАТНОСТ,,,,,
,,Остале комуналне услуге,,,,,
,423,Услуге по уговору,"100,000",,,,"100,000"
,424,Специјализоване услуге,"1,100,000",,,,"1,100,000"
,511,Зграде и грађевинске земљиште,"2,700,000",,,,"2,700,000"
,512,Машине и опрема,"1,100,000",,,,"1,100,000"
,,Паркинг сервис,,,,,
,4512,ЈКП ''Паркинг сервис'' Сомбор-средства за суфинансирање отплате набављене опреме,"2,000,000",,,,"2,000,000"
,,Укупно за функцију 360:,"7,000,000",0,0,0,"7,000,000"
,,Енергија,,,,,
,,ПРОГРАМ 2 - КОМУНАЛНА ДЕЛАТНОСТ,,,,,
,,Даљинско грејање,,,,,
,4512,ЈКП ''Енергана'' Сомбор- средства за реализацију дугорочног програма топлификације града,"70,000,000",,,,"70,000,000"
,,Укупно за функцију 436:,"70,000,000",,,,"70,000,000"
,,Укупно за главу 8:,"187,055,000",0,0,0,"187,055,000"
,,ДИРЕКЦИЈА ЗА ИЗГРАДЊУ ГРАДА,,,,,
,,Развој заједнице,,,,,
,,ПРОГРАМ 2 - КОМУНАЛНА ДЕЛАТНОСТ,,,,,
,,Остале комуналне услуге,,,,,
,411,"Плате, додаци и накнаде запослених","16,600,000",,,,"16,600,000"
,412,Социјални доприноси на терет послодавца,"2,976,000",,,,"2,976,000"
,413,Накнаде у натури,"700,000",,,,"700,000"
,414,Социјална давања запосленима,"410,000",,,,"410,000"
,415,Накнаде трошкова за запослене,"500,000",,,,"500,000"
,421,Стални трошкови,"1,948,000",,,,"1,948,000"
,422,Трошкови путовања,"250,000",,,,"250,000"
,423,Услуге по уговору,"2,945,000",,,,"2,945,000"
,424,Специјализоване услуге,"400,000",,,,"400,000"
,425,Текуће поправке и одржавање,"200,000",,,,"200,000"
,426,Материјал,"1,185,000",,,,"1,185,000"
,465,Остале дотације и трансфери,"1,390,000",,,,"1,390,000"
,482,"Порези, обавезне таксе и казне","450,000",,,,"450,000"
,483,Новчане казне и пенали по решењу судова,"14,000,000",,,,"14,000,000"
,485,Накнада штете за повреде или штету нанету од стране држ.орг.,"500,000",,,,"500,000"
,515,Нематеријална имовина,"1,000,000",,,,"1,000,000"
,,Одржавање депонија,,,,,
,421,Стални трошкови,"15,000,000",,,,"15,000,000"
,,Јавна хигијена,,,,,
,421,Стални трошкови,"35,000,000",,,,"35,000,000"
,424,Специјализоване услуге,"2,000,000",,,,"2,000,000"
,,Уређење и одржавање зеленила,,,,,
,424,Специјализоване услуге,"60,000,000",,,,"60,000,000"
,,Јавна расвета,,,,,
,421,Стални трошкови,"43,000,000",,,,"43,000,000"
,425,Текуће поправке и одржавање,"31,000,000",,,,"31,000,000"
,,Одржавање гробаља,,,,,
,421,Стални трошкови,"4,000,000",,,,"4,000,000"
,424,Специјализоване услуге,"40,000,000",,,,"40,000,000"
,,Остале комуналне услуге,,,,,
,424,Специјализоване услуге,"5,500,000",,,,"5,500,000"
,425,Текуће поправке и одржавање,"37,100,000",,,,"37,100,000"
,511,Зграде и грађевински објекти,"241,112,000",,,,"241,112,000"
,513,Остала некретнина и опрема,"3,000,000",,,,"3,000,000"
,,ПРОГРАМ 7 - ПУТНА ИНФРАСТРУКТУРА,,,,,
,,Одржавање путева,,,,,
,424,Специјализоване услуге,"27,000,000",,,,"27,000,000"
,425,Текуће поправке и одржавање,"106,000,000",,,,"106,000,000"
,,ПРОГРАМ 1 - ЛОКАЛНИ РАЗВОЈ И ПРОСТОРНО ПЛАНИРАЊЕ,,,,,
,,"Стратешко, просторно и урбанистичко планирање",,,,,
,424,Специјализоване услуге,"26,338,000",,,,"26,338,000"
,,Укупно буџет за функцију 620:,"721,504,000",0,0,0,"721,504,000"
,,Укупно за главу 9:,"721,504,000",0,0,0,"721,504,000"
,,МЕСНЕ ЗАЈЕДНИЦЕ,,,,,
,,Опште јавне услуге некласификоване на другом месту,,,,,
,,ПРОГРАМ 15 - ЛОКАЛНА САМОУПРАВА,,,,,
,,Месне заједнице,,,,,
,411,"Плате, додаци и накнаде запослених","31,170,000",0,0,0,"31,170,000"
,412,Социјални доприноси на терет послодавца,"5,616,500",0,0,0,"5,616,500"
,413,Накнаде у натури,"214,000",0,0,0,"214,000"
,414,Социјална давања запосленима,"1,193,000",0,0,0,"1,193,000"
,415,Накнаде трошкова за запослене,"3,176,000",0,0,0,"3,176,000"
,416,Награде запосленима и остали посебни расходи,"348,000",0,0,0,"348,000"
,421,Стални трошкови,"22,388,000",0,0,0,"22,388,000"
,422,Трошкови путовања,"1,105,000",0,0,0,"1,105,000"
,423,Услуге по уговору,"4,756,500",0,0,0,"4,756,500"
,424,Специјализоване услуге,"6,988,000",0,"380,000",0,"7,368,000"
,425,Текуће поправке и одржавање,"10,978,000",0,"500,000",0,"11,478,000"
,426,Материјал,"10,919,000",0,0,0,"10,919,000"
,465,Остале дотације и трансфери,"4,048,000",0,0,0,"4,048,000"
,482,"Порези, обавезне таксе и казне","529,000",0,0,0,"529,000"
,512,Машине и опрема,"3,825,000",0,0,0,"3,825,000"
,,Укупно за функцију 160:,"107,254,000",0,"880,000",0,"108,134,000"
,,Укупно буџет за МЗ:,"107,254,000",0,"880,000",0,"108,134,000"
,,МЗ ''АЛЕКСА ШАНТИЋ'',,,,,
,411,"Плате, додаци и накнаде запослених","1,673,000",,,,"1,673,000"
,412,Социјални доприноси на терет послодавца,"300,000",,,,"300,000"
,414,Социјална давања запосленима,"43,000",,,,"43,000"
,415,Накнаде трошкова за запослене,"140,000",,,,"140,000"
,416,Награде запосленима и остали посебни расходи,"60,000",,,,"60,000"
,421,Стални трошкови,"1,275,000",,,,"1,275,000"
,422,Трошкови путовања,"15,000",,,,"15,000"
,423,Услуге по уговору,"429,000",,,,"429,000"
,424,Специјализоване услуге,"415,000",,,,"415,000"
,425,Текуће поправке и одржавање,"1,193,000",,,,"1,193,000"
,426,Материјал,"980,000",,,,"980,000"
,465,Остале дотације и трансфери,"192,000",,,,"192,000"
,512,Машине и опрема,"500,000",,,,"500,000"
,,Укупно за главу 10:,"7,215,000",0,0,0,"7,215,000"
,,МЗ ''БАЧКИ БРЕГ'',,,,,
,411,"Плате, додаци и накнаде запослених","571,000",,,,"571,000"
,412,Социјални доприноси на терет послодавца,"114,200",,,,"114,200"
,414,Социјална давања запосленима,"17,800",,,,"17,800"
,415,Накнаде трошкова за запослене,"45,000",,,,"45,000"
,421,Стални трошкови,"410,000",,,,"410,000"
,422,Трошкови путовања,"40,000",,,,"40,000"
,423,Услуге по уговору,"163,000",,,,"163,000"
,424,Специјализоване услуге,"379,000",,,,"379,000"
,425,Текуће поправке и одржавање,"553,000",,,,"553,000"
,426,Материјал,"360,000",,,,"360,000"
,465,Остале дотације и трансфери,"78,000",,,,"78,000"
,482,"Порези, обавезне таксе и казне","20,000",,,,"20,000"
,512,Машине и опрема,"100,000",,,,"100,000"
,,Укупно за главу 11:,"2,851,000",0,0,0,"2,851,000"
,,МЗ ''БАЧКИ МОНОШТОР'',,,,,
,411,"Плате, додаци и накнаде запослених","1,900,000",,,,"1,900,000"
,412,Социјални доприноси на терет послодавца,"340,000",,,,"340,000"
,414,Социјална давања запосленима,"46,000",,,,"46,000"
,415,Накнаде трошкова за запослене,"200,000",,,,"200,000"
,421,Стални трошкови,"2,110,000",,,,"2,110,000"
,422,Трошкови путовања,"300,000",,,,"300,000"
,423,Услуге по уговору,"345,000",,,,"345,000"
,424,Специјализоване услуге,"780,000",,,,"780,000"
,425,Текуће поправке и одржавање,"500,000",,,,"500,000"
,426,Материјал,"615,000",,,,"615,000"
,465,Остале дотације и трансфери,"205,000",,,,"205,000"
,482,"Порези, обавезне таксе и казне","80,000",,,,"80,000"
,512,Машине и опрема,"200,000",,,,"200,000"
,,Укупно за главу 12:,"7,621,000",0,0,0,"7,621,000"
,,МЗ 'БЕЗДАН'',,,,,
,411,"Плате, додаци и накнаде запослених","1,280,000",,,,"1,280,000"
,412,Социјални доприноси на терет послодавца,"240,000",,,,"240,000"
,413,Накнаде у натури,"3,000",,,,"3,000"
,414,Социјална давања запосленима,"38,000",,,,"38,000"
,415,Накнаде трошкова за запослене,"120,000",,,,"120,000"
,421,Стални трошкови,"1,410,000",,,,"1,410,000"
,422,Трошкови путовања,"144,000",,,,"144,000"
,423,Услуге по уговору,"210,000",,,,"210,000"
,424,Специјализоване услуге,"1,200,000",,"380,000",,"1,580,000"
,425,Текуће поправке и одржавање,"1,650,000",,"500,000",,"2,150,000"
,426,Материјал,"840,000",,,,"840,000"
,465,Остале дотације и трансфери,"168,000",,,,"168,000"
,482,"Порези, обавезне таксе и казне","225,000",,,,"225,000"
,512,Машине и опрема,"200,000",,,,"200,000"
,,Укупно за главу 13:,"7,728,000",0,"880,000",0,"8,608,000"
,,МЗ 'ДОРОСЛОВО'',,,,,
,411,"Плате, додаци и накнаде запослених","585,000",,,,"585,000"
,412,Социјални доприноси на терет послодавца,"105,000",,,,"105,000"
,414,Социјална давања запосленима,"17,500",,,,"17,500"
,415,Накнаде трошкова за запослене,"48,000",,,,"48,000"
,421,Стални трошкови,"550,000",,,,"550,000"
,422,Трошкови путовања,"150,000",,,,"150,000"
,423,Услуге по уговору,"116,500",,,,"116,500"
,424,Специјализоване услуге,"900,000",,,,"900,000"
,425,Текуће поправке и одржавање,"800,000",,,,"800,000"
,426,Материјал,"857,000",,,,"857,000"
,465,Остале дотације и трансфери,"71,000",,,,"71,000"
,512,Машине и опрема,"200,000",,,,"200,000"
,,Укупно за главу 14:,"4,400,000",0,0,0,"4,400,000"
,,МЗ ''ГАКОВО'',,,,,
,411,"Плате, додаци и накнаде запослених","1,486,000",,,,"1,486,000"
,412,Социјални доприноси на терет послодавца,"266,000",,,,"266,000"
,413,Накнаде у натури,"190,000",,,,"190,000"
,414,Социјална давања запосленима,"45,000",,,,"45,000"
,415,Накнаде трошкова за запослене,"130,000",,,,"130,000"
,421,Стални трошкови,"539,000",,,,"539,000"
,422,Трошкови путовања,"20,000",,,,"20,000"
,423,Услуге по уговору,"147,000",,,,"147,000"
,425,Текуће поправке и одржавање,"60,000",,,,"60,000"
,426,Материјал,"350,000",,,,"350,000"
,465,Остале дотације и трансфери,"202,000",,,,"202,000"
,482,"Порези, обавезне таксе и казне","25,000",,,,"25,000"
,512,Машине и опрема,"460,000",,,,"460,000"
,,Укупно за главу 15:,"3,920,000",0,0,0,"3,920,000"
,,МЗ ''КЉАЈИЋЕВО'',,,,,
,411,"Плате, додаци и накнаде запослених","3,309,000",,,,"3,309,000"
,412,Социјални доприноси на терет послодавца,"598,000",,,,"598,000"
,414,Социјална давања запосленима,"111,000",,,,"111,000"
,415,Накнаде трошкова за запослене,"340,000",,,,"340,000"
,416,Награде запосленима и остали посебни расходи,"70,000",,,,"70,000"
,421,Стални трошкови,"4,610,000",,,,"4,610,000"
,422,Трошкови путовања,"100,000",,,,"100,000"
,423,Услуге по уговору,"360,000",,,,"360,000"
,424,Специјализоване услуге,"170,000",,,,"170,000"
,425,Текуће поправке и одржавање,"400,000",,,,"400,000"
,426,Материјал,"1,075,000",,,,"1,075,000"
,465,Остале дотације и трансфери,"434,000",,,,"434,000"
,512,Машине и опрема,"250,000",,,,"250,000"
,,Укупно за главу 16:,"11,827,000",0,0,0,"11,827,000"
,,МЗ ''КОЛУТ'',,,,,
,411,"Плате, додаци и накнаде запослених","1,392,000",,,,"1,392,000"
,412,Социјални доприноси на терет послодавца,"249,300",,,,"249,300"
,414,Социјална давања запосленима,"43,700",,,,"43,700"
,415,Накнаде трошкова за запослене,"135,000",,,,"135,000"
,421,Стални трошкови,"834,000",,,,"834,000"
,422,Трошкови путовања,"48,000",,,,"48,000"
,423,Услуге по уговору,"252,000",,,,"252,000"
,424,Специјализоване услуге,"140,000",,,,"140,000"
,425,Текуће поправке и одржавање,"300,000",,,,"300,000"
,426,Материјал,"430,000",,,,"430,000"
,465,Остале дотације и трансфери,"150,000",,,,"150,000"
,482,"Порези, обавезне таксе и казне","55,000",,,,"55,000"
,,Укупно за главу 17:,"4,029,000",0,0,0,"4,029,000"
,,МЗ ''РАСТИНА'',,,,,
,421,Стални трошкови,"120,000",,,,"120,000"
,424,Специјализоване услуге,"450,000",,,,"450,000"
,425,Текуће поправке и одржавање,"270,000",,,,"270,000"
,426,Материјал,"356,000",,,,"356,000"
,512,Машине и опрема,"500,000",,,,"500,000"
,,Укупно за главу 18:,"1,696,000",0,0,0,"1,696,000"
,,МЗ ''РИЂИЦА'',,,,,
,411,"Плате, додаци и накнаде запослених","1,600,000",,,,"1,600,000"
,412,Социјални доприноси на терет послодавца,"283,000",,,,"283,000"
,413,Накнаде у натури,"12,000",,,,"12,000"
,414,Социјална давања запосленима,"70,000",,,,"70,000"
,415,Накнаде трошкова за запослене,"200,000",,,,"200,000"
,421,Стални трошкови,"1,320,000",,,,"1,320,000"
,422,Трошкови путовања,"50,000",,,,"50,000"
,423,Услуге по уговору,"710,000",,,,"710,000"
,424,Специјализоване услуге,"310,000",,,,"310,000"
,425,Текуће поправке и одржавање,"562,000",,,,"562,000"
,426,Материјал,"550,000",,,,"550,000"
,465,Остале дотације и трансфери,"272,000",,,,"272,000"
,482,"Порези, обавезне таксе и казне","2,000",,,,"2,000"
,512,Машине и опрема,"200,000",,,,"200,000"
,,Укупно за главу 19:,"6,141,000",0,0,0,"6,141,000"
,,МЗ ''СВЕТОЗАР МИЛЕТИЋ'',,,,,
,411,"Плате, додаци и накнаде запослених","1,080,000",,,,"1,080,000"
,412,Социјални доприноси на терет послодавца,"195,000",,,,"195,000"
,414,Социјална давања запосленима,"53,000",,,,"53,000"
,415,Накнаде трошкова за запослене,"130,000",,,,"130,000"
,416,Награде запосленима и остали посебни расходи,"40,000",,,,"40,000"
,421,Стални трошкови,"1,930,000",,,,"1,930,000"
,422,Трошкови путовања,"40,000",,,,"40,000"
,423,Услуге по уговору,"385,000",,,,"385,000"
,424,Специјализоване услуге,"570,000",,,,"570,000"
,425,Текуће поправке и одржавање,"740,000",,,,"740,000"
,426,Материјал,"600,000",,,,"600,000"
,465,Остале дотације и трансфери,"206,000",,,,"206,000"
,482,"Порези, обавезне таксе и казне","35,000",,,,"35,000"
,512,Машине и опрема,"250,000",,,,"250,000"
,,Укупно за главу 20:,"6,254,000",0,0,0,"6,254,000"
,,МЗ ''СТАНИШИЋ'',,,,,
,411,"Плате, додаци и накнаде запослених","3,370,000",,,,"3,370,000"
,412,Социјални доприноси на терет послодавца,"604,000",,,,"604,000"
,414,Социјална давања запосленима,"102,000",,,,"102,000"
,415,Накнаде трошкова за запослене,"320,000",,,,"320,000"
,416,Награде запосленима и остали посебни расходи,"130,000",,,,"130,000"
,421,Стални трошкови,"1,925,000",,,,"1,925,000"
,422,Трошкови путовања,"85,000",,,,"85,000"
,423,Услуге по уговору,"553,000",,,,"553,000"
,424,Специјализоване услуге,"362,000",,,,"362,000"
,425,Текуће поправке и одржавање,"565,000",,,,"565,000"
,426,Материјал,"1,725,000",,,,"1,725,000"
,465,Остале дотације и трансфери,"453,000",,,,"453,000"
,482,"Порези, обавезне таксе и казне","25,000",,,,"25,000"
,512,Машине и опрема,"444,000",,,,"444,000"
,,Укупно за главу 21:,"10,663,000",0,0,0,"10,663,000"
,,МЗ ''СТАПАР'',,,,,
,411,"Плате, додаци и накнаде запослених","1,951,000",,,,"1,951,000"
,412,Социјални доприноси на терет послодавца,"350,000",,,,"350,000"
,413,Накнаде у натури,"5,000",,,,"5,000"
,414,Социјална давања запосленима,"100,000",,,,"100,000"
,415,Накнаде трошкова за запослене,"180,000",,,,"180,000"
,421,Стални трошкови,"1,500,000",,,,"1,500,000"
,422,Трошкови путовања,"18,000",,,,"18,000"
,423,Услуге по уговору,"300,000",,,,"300,000"
,424,Специјализоване услуге,"800,000",,,,"800,000"
,425,Текуће поправке и одржавање,"1,409,000",,,,"1,409,000"
,426,Материјал,"1,160,000",,,,"1,160,000"
,465,Остале дотације и трансфери,"262,000",,,,"262,000"
,482,"Порези, обавезне таксе и казне","6,000",,,,"6,000"
,512,Машине и опрема,"330,000",,,,"330,000"
,,Укупно за главу 22:,"8,371,000",0,0,0,"8,371,000"
,,МЗ ''ТЕЛЕЧКА'',,,,,
,411,"Плате, додаци и накнаде запослених","1,505,000",,,,"1,505,000"
,412,Социјални доприноси на терет послодавца,"270,000",,,,"270,000"
,414,Социјална давања запосленима,"40,000",,,,"40,000"
,415,Накнаде трошкова за запослене,"130,000",,,,"130,000"
,421,Стални трошкови,"680,000",,,,"680,000"
,422,Трошкови путовања,"50,000",,,,"50,000"
,423,Услуге по уговору,"210,000",,,,"210,000"
,424,Специјализоване услуге,"200,000",,,,"200,000"
,425,Текуће поправке и одржавање,"768,000",,,,"768,000"
,426,Материјал,"470,000",,,,"470,000"
,465,Остале дотације и трансфери,"202,000",,,,"202,000"
,482,"Порези, обавезне таксе и казне","50,000",,,,"50,000"
,512,Машине и опрема,"100,000",,,,"100,000"
,,Укупно за главу 23:,"4,675,000",0,0,0,"4,675,000"
,,МЗ ''ЧОНОПЉА'',,,,,
,411,"Плате, додаци и накнаде запослених","1,004,000",,,,"1,004,000"
,412,Социјални доприноси на терет послодавца,"181,000",,,,"181,000"
,414,Социјална давања запосленима,"143,000",,,,"143,000"
,415,Накнаде трошкова за запослене,"150,000",,,,"150,000"
,421,Стални трошкови,"1,597,000",,,,"1,597,000"
,422,Трошкови путовања,"30,000",,,,"30,000"
,423,Услуге по уговору,"270,000",,,,"270,000"
,424,Специјализоване услуге,"217,000",,,,"217,000"
,425,Текуће поправке и одржавање,"900,000",,,,"900,000"
,426,Материјал,"248,000",,,,"248,000"
,465,Остале дотације и трансфери,"135,000",,,,"135,000"
,512,Машине и опрема,"50,000",,,,"50,000"
,,Укупно за главу 24:,"4,925,000",0,0,0,"4,925,000"
,,МЗ ''ВЕНАЦ'',,,,,
,411,"Плате, додаци и накнаде запослених","1,001,000",,,,"1,001,000"
,412,Социјални доприноси на терет послодавца,"181,000",,,,"181,000"
,414,Социјална давања запосленима,"30,000",,,,"30,000"
,415,Накнаде трошкова за запослене,"175,000",,,,"175,000"
,416,Награде запосленима и остали посебни расходи,"48,000",,,,"48,000"
,421,Стални трошкови,"168,000",,,,"168,000"
,423,Услуге по уговору,"23,000",,,,"23,000"
,424,Специјализоване услуге,"50,000",,,,"50,000"
,425,Текуће поправке и одржавање,"10,000",,,,"10,000"
,426,Материјал,"25,000",,,,"25,000"
,465,Остале дотације и трансфери,"137,000",,,,"137,000"
,,Укупно за главу 25:,"1,848,000",0,0,0,"1,848,000"
,,МЗ ''СЕЛЕНЧА'',,,,,
,411,"Плате, додаци и накнаде запослених","881,000",,,,"881,000"
,412,Социјални доприноси на терет послодавца,"158,000",,,,"158,000"
,413,Накнаде у натури,"2,000",,,,"2,000"
,414,Социјална давања запосленима,"50,000",,,,"50,000"
,415,Накнаде трошкова за запослене,"120,000",,,,"120,000"
,421,Стални трошкови,"298,000",,,,"298,000"
,422,Трошкови путовања,"5,000",,,,"5,000"
,423,Услуге по уговору,"46,000",,,,"46,000"
,424,Специјализоване услуге,"45,000",,,,"45,000"
,425,Текуће поправке и одржавање,"55,000",,,,"55,000"
,426,Материјал,"42,000",,,,"42,000"
,465,Остале дотације и трансфери,"106,000",,,,"106,000"
,482,"Порези, обавезне таксе и казне","1,000",,,,"1,000"
,512,Машине и опрема,"11,000",,,,"11,000"
,,Укупно за главу 26:,"1,820,000",0,0,0,"1,820,000"
,,МЗ ''ГОРЊА ВАРОШ'',,,,,
,411,"Плате, додаци и накнаде запослених","1,110,000",,,,"1,110,000"
,412,Социјални доприноси на терет послодавца,"201,000",,,,"201,000"
,414,Социјална давања запосленима,"52,000",,,,"52,000"
,415,Накнаде трошкова за запослене,"86,000",,,,"86,000"
,421,Стални трошкови,"247,000",,,,"247,000"
,423,Услуге по уговору,"29,000",,,,"29,000"
,425,Текуће поправке и одржавање,"25,000",,,,"25,000"
,426,Материјал,"40,000",,,,"40,000"
,465,Остале дотације и трансфери,"150,000",,,,"150,000"
,,Укупно за главу 27:,"1,940,000",0,0,0,"1,940,000"
,,МЗ ''СТАРА СЕЛЕНЧА'',,,,,
,411,"Плате, додаци и накнаде запослених","1,310,000",,,,"1,310,000"
,412,Социјални доприноси на терет послодавца,"235,000",,,,"235,000"
,414,Социјална давања запосленима,"60,000",,,,"60,000"
,415,Накнаде трошкова за запослене,"130,000",,,,"130,000"
,421,Стални трошкови,"210,000",,,,"210,000"
,423,Услуге по уговору,"48,000",,,,"48,000"
,425,Текуће поправке и одржавање,"49,000",,,,"49,000"
,426,Материјал,"40,000",,,,"40,000"
,465,Остале дотације и трансфери,"143,000",,,,"143,000"
,482,"Порези, обавезне таксе и казне","5,000",,,,"5,000"
,,Укупно за главу 28:,"2,230,000",0,0,0,"2,230,000"
,,МЗ ''МЛАКЕ'',,,,,
,411,"Плате, додаци и накнаде запослених","1,382,000",,,,"1,382,000"
,412,Социјални доприноси на терет послодавца,"247,000",,,,"247,000"
,414,Социјална давања запосленима,"42,000",,,,"42,000"
,415,Накнаде трошкова за запослене,"127,000",,,,"127,000"
,421,Стални трошкови,"230,000",,,,"230,000"
,423,Услуге по уговору,"45,000",,,,"45,000"
,425,Текуће поправке и одржавање,"105,000",,,,"105,000"
,426,Материјал,"50,000",,,,"50,000"
,465,Остале дотације и трансфери,"162,000",,,,"162,000"
,,Укупно за главу 29:,"2,390,000",0,0,0,"2,390,000"
,,МЗ ''ЦРВЕНКА'',,,,,
,411,"Плате, додаци и накнаде запослених","1,390,000",,,,"1,390,000"
,412,Социјални доприноси на терет послодавца,"250,000",,,,"250,000"
,414,Социјална давања запосленима,"42,000",,,,"42,000"
,415,Накнаде трошкова за запослене,"110,000",,,,"110,000"
,421,Стални трошкови,"201,000",,,,"201,000"
,422,Трошкови путовања,"10,000",,,,"10,000"
,423,Услуге по уговору,"65,000",,,,"65,000"
,425,Текуће поправке и одржавање,"50,000",,,,"50,000"
,426,Материјал,"80,000",,,,"80,000"
,465,Остале дотације и трансфери,"142,000",,,,"142,000"
,512,Машине и опрема,"30,000",,,,"30,000"
,,Укупно за главу 30:,"2,370,000",0,0,0,"2,370,000"
,,МЗ ''НОВА СЕЛЕНЧА '',,,,,
,411,"Плате, додаци и накнаде запослених","1,390,000",,,,"1,390,000"
,412,Социјални доприноси на терет послодавца,"249,000",,,,"249,000"
,413,Накнаде у натури,"2,000",,,,"2,000"
,414,Социјална давања запосленима,"47,000",,,,"47,000"
,415,Накнаде трошкова за запослене,"160,000",,,,"160,000"
,421,Стални трошкови,"224,000",,,,"224,000"
,423,Услуге по уговору,"50,000",,,,"50,000"
,425,Текуће поправке и одржавање,"14,000",,,,"14,000"
,426,Материјал,"26,000",,,,"26,000"
,465,Остале дотације и трансфери,"178,000",,,,"178,000"
,,Укупно за главу 31:,"2,340,000",0,0,0,"2,340,000"
,,,,,,,
,,СОЦИЈАЛНА ЗАШТИТА некласификована на другом месту,,,,,
,,ПРОГРАМ 11 - СОЦИЈАЛНА И ДЕЧИЈА ЗАШТИТА,,,,,
,,Центар за социјални рад,,,,,
,,Социјалне помоћи,,,,,
,,Трансфери осталим нивоима власти,,,,,
,463,"18,123,000",0,"33,008,000",0,"51,131,000",
,,"* Плате, додаци и накнаде запослених","3,812,000",,"23,610,000",,"27,422,000"
,,* Социјални доприноси на терет послодавца,"684,000",,"4,227,000",,"4,911,000"
,,* Накнада трошкова за запослене,0,,"700,000",,"700,000"
,,* Стални трошкови,"640,000",,"1,968,000",,"2,608,000"
,,* Трошкови путовања,"180,000",,"70,000",,"250,000"
,,* Услуге по уговору,"73,000",,"30,000",,"103,000"
,,* Текуће поправке и одрж (услуге и материјал),"2,107,000",,"1,754,000",,"3,861,000"
,,* Материјал,"770,000",,"632,000",,"1,402,000"
,,* Трошкови сахрана социјално угрожених лица,"2,750,000",,0,,"2,750,000"
,,* Jеднократне новчане помоћи,"7,100,000",,0,,"7,100,000"
,,"* Порези, обавезне таксе и казне","7,000",,"17,000",,"24,000"
,,"Прихватилишта, прихватне станице и др.врсте смештаја",,,,,
,,Сигурна кућа,,,,,
,,Трансфери осталим нивоима власти,,,,,
,463,"2,327,000",0,"600,000",0,"2,927,000",
,,"* Плате, додаци и накнаде запослених","1,608,000",,"509,000",,"2,117,000"
,,* Социјални доприноси на терет послодавца,"289,000",,"91,000",,"380,000"
,,* Накнада трошкова за запослене,"105,000",,0,,"105,000"
,,* Стални трошкови,"110,000",,0,,"110,000"
,,* Услуге по уговору,"15,000",,0,,"15,000"
,,* Материјал,"200,000",,0,,"200,000"
,,Саветодавно-терапијске и социјално-едукативне услуге,,,,,
,,Брачно и породично саветовалиште,,,,,
,463,Трансфери осталим нивоима власти,"2,050,000",0,0,0,"2,050,000"
,,"* Плате, додаци и накнаде запослених","1,695,000",,,,"1,695,000"
,,* Социјални доприноси на терет послодавца,"305,000",,,,"305,000"
,,* Трошкови путовања,"20,000",,,,"20,000"
,,* Текуће поправке и одрж (услуге и материјал),"20,000",,,,"20,000"
,,* Материјал,"10,000",,,,"10,000"
,,Социјалне помоћи,,,,,
,481,Дотације невладиним организацијама - ЛАП Рома,"1,700,000",0,0,0,"1,700,000"
,,"Прихватилипта, прихватне станице и др.врсте смештаја",,,,,
,463,Трансфери осталим нивоима власти - Смештај у прихватилиште,"300,000",0,0,0,"300,000"
,,Подршка социјално хуманитарним организацијама,,,,,
,481,Персонална асистенција за лица са сметњама у развоју,"5,500,000",0,0,0,"5,500,000"
,481,Пројекти социјално хуманитарних организација,"2,500,000",0,0,0,"2,500,000"
,,Саветодавно-терапијске и социјално-едукативне услуге,,,,,
,463,Помоћ и нега у кући,"20,000,000",0,0,0,"20,000,000"
,463,Дневни боравак за децу и одрасла лица са сметњама у развоју,"3,700,000",0,0,0,"3,700,000"
,463,Саветовалиште за рани развој детета,"1,250,000",0,0,0,"1,250,000"
,,Активности Црвеног крста,,,,,
,481,Дотације невладиним организацијама - Народна кухиња,"26,000,000",0,0,0,"26,000,000"
,481,Програми Црвеног крста,"1,800,000",0,0,0,"1,800,000"
,,Дечија заштита,,,,,
,472,Родитељски додатак за прворођено дете,"7,000,000",0,0,0,"7,000,000"
,472,Финансијска помоћ незапосленим трудницама и породиљама,"38,000,000",0,0,0,"38,000,000"
,,Укупно за функцију 090:,"130,250,000",0,"33,608,000",0,"163,858,000"
,,Укупно за главу 32 :,"130,250,000",0,"33,608,000",0,"163,858,000"
,,КУЛТУРА,,,,,
,,Услуге културе,,,,,
,,ПРОГРАМ 13 - РАЗВОЈ КУЛТУРЕ,,,,,
,,Функционисање локалних установа културе,,,,,
,411,"Плате, додаци и накнаде запослених","86,304,000","2,206,000","200,000",0,"88,710,000"
,412,Социјални доприноси на терет послодавца,"15,457,000","395,000","40,000",0,"15,892,000"
,413,Накнаде у натури,"155,000","61,000",0,0,"216,000"
,414,Социјална давања запосленима,"979,000","865,000","1,450,000",0,"3,294,000"
,415,Накнаде трошкова за запослене,"3,090,000","490,000","10,000",0,"3,590,000"
,416,Награде запосленима и остали посебни расходи,"690,000","130,000",0,0,"820,000"
,421,Стални трошкови,"18,990,000","1,299,000","30,000",0,"20,319,000"
,422,Трошкови путовања,"2,952,000","2,321,000","70,000",0,"5,343,000"
,423,Услуге по уговору,"25,242,000","5,261,000","5,750,000",0,"36,253,000"
,424,Специјализоване услуге,"910,000","1,960,000","1,626,000",0,"4,496,000"
,425,Текуће поправке и одржавање (услуге и материјали),"10,510,000","530,000","400,000",0,"11,440,000"
,426,Материјал,"4,584,000","1,240,000","350,000",0,"6,174,000"
,444,Пратећи трошкови задуживања,0,"20,000",0,,"20,000"
,465,Остале дотације и трансфери,"10,561,000",0,0,0,"10,561,000"
,472,Накнаде за социјалну заштиту из буџета,0,"10,000",0,,"10,000"
,481,Дотације невладиним организацијама,"4,500,000","20,000",0,0,"4,520,000"
,482,"Порези, обавезне таксе и казне","70,000","662,000",0,0,"732,000"
,483,Новчане казне и пенали по решењу судова,0,"10,000",0,,"10,000"
,485,Накнада штете за повреде или штету нанету од стране држ.орг.,"2,001,000",0,0,,"2,001,000"
,511,Зграде и грађевински објекти,0,0,"7,400,000",,"7,400,000"
,512,Машине и опрема,"6,957,000","750,000","2,900,000",0,"10,607,000"
,515,Нематеријална имовина,"750,000","170,000","2,150,000",0,"3,070,000"
,523,Залихе робе за даљу продају,0,"50,000",,,"50,000"
,,Укупно за функцију 820:,"194,702,000","18,450,000","22,376,000",0,"235,528,000"
,,Укупно култура:,"194,702,000","18,450,000","22,376,000",0,"235,528,000"
,,Библиотека ''КАРЛО БИЈЕЛИЦКИ'' Сомбор,,,,,
,411,"Плате, додаци и накнаде запослених","23,808,000","656,000","200,000",,"24,664,000"
,412,Социјални доприноси на терет послодавца,"4,263,000","118,000","40,000",,"4,421,000"
,414,Социјална давања запосленима,"302,000","1,000","950,000",,"1,253,000"
,415,Накнаде трошкова за запослене,"400,000","50,000","10,000",,"460,000"
,416,Награде запосленима и остали посебни расходи,"200,000",0,0,,"200,000"
,421,Стални трошкови,"4,200,000","159,000","30,000",,"4,389,000"
,422,Трошкови путовања,"222,000","230,000","70,000",,"522,000"
,423,Услуге по уговору од чега је за:,"5,152,000","930,000",0,,"6,082,000"
,423,"Манифестиција ""Вељкови дани""","275,000",0,0,,"275,000"
,423,Часопис ''Домети'',"225,000",0,0,,"225,000"
,423,Фестивал ''Hearts in harmony'',"600,000",0,0,,"600,000"
,425,Текуће поправке и одржавање (услуге и материјали),"900,000","250,000","400,000",,"1,550,000"
,426,Материјал,"824,000","180,000","100,000",,"1,104,000"
,465,Остале дотације и трансфери,"3,120,000",0,0,,"3,120,000"
,482,"Порези, обавезне таксе и казне",0,"500,000",0,,"500,000"
,511,Зграде и грађевински објекти,0,0,"7,400,000",,"7,400,000"
,512,Машине и опрема,"1,000,000","500,000","2,000,000",,"3,500,000"
,515,Нематеријална имовина,"700,000","120,000","2,150,000",,"2,970,000"
,,Укупно за главу 33 :,"45,091,000","3,694,000","13,350,000",0,"62,135,000"
,,НАРОДНО ПОЗОРИШТЕ Сомбор,,,,,
,411,"Плате, додаци и накнаде запослених","33,381,000","1,050,000",0,,"34,431,000"
,412,Социјални доприноси на терет послодавца,"5,975,000","188,000",0,,"6,163,000"
,413,Накнаде у натури,0,"30,000",0,,"30,000"
,414,Социјална давања запосленима,"650,000","652,000",0,,"1,302,000"
,415,Накнаде трошкова за запослене,"1,750,000","100,000",0,,"1,850,000"
,416,Награде запосленима и остали посебни расходи,"130,000","120,000",0,,"250,000"
,421,Стални трошкови,"8,800,000","670,000",0,,"9,470,000"
,422,Трошкови путовања,"2,000,000","1,811,000",0,,"3,811,000"
,423,Услуге по уговору од чега је за:,"9,840,000","2,516,000","750,000",,"13,106,000"
,,"""Позоришни маратон""","1,600,000",0,0,,"1,600,000"
,424,Специјализоване услуге,"400,000","1,950,000",0,,"2,350,000"
,425,Текуће поправке и одржавање (услуге и материјали),"2,510,000","200,000",0,,"2,710,000"
,426,Материјал,"2,080,000","810,000","250,000",,"3,140,000"
,444,Пратећи трошкови задуживања,0,"20,000",0,,"20,000"
,465,Остале дотације и трансфери,"3,663,000",0,0,,"3,663,000"
,472,Накнаде за социјалну заштиту из буџета,0,"10,000",0,,"10,000"
,481,Дотације невладиним организацијама,0,"20,000",0,,"20,000"
,482,"Порези, обавезне таксе и казне",0,"140,000",0,,"140,000"
,483,Новчане казне и пенали по решењу судова,0,"10,000",0,,"10,000"
,485,Накнада штете за повреде или штету нанету од стране држ.орг.,"2,001,000",0,0,,"2,001,000"
,512,Машине и опрема,"900,000",,,,"900,000"
,,Укупно за главу 34:,"74,080,000","10,297,000","1,000,000",0,"85,377,000"
,,ГРАДСКИ МУЗЕЈ Сомбор,,,,,
,411,"Плате, додаци и накнаде запослених","10,837,000",0,,,"10,837,000"
,412,Социјални доприноси на терет послодавца,"1,942,000",0,,,"1,942,000"
,413,Накнаде у натури,"150,000","30,000",,,"180,000"
,414,Социјална давања запосленима,"2,000","7,000",,,"9,000"
,415,Накнаде трошкова за запослене,"250,000","200,000",,,"450,000"
,421,Стални трошкови,"2,800,000","130,000",,,"2,930,000"
,422,Трошкови путовања,"90,000","50,000",,,"140,000"
,423,Услуге по уговору,"770,000","120,000",,,"890,000"
,425,Текуће поправке и одржавање (услуге и материјали),"300,000","20,000",,,"320,000"
,426,Материјал,"420,000","40,000",,,"460,000"
,465,Остале дотације и трансфери,"1,732,000",0,,,"1,732,000"
,482,"Порези, обавезне таксе и казне","50,000",0,,,"50,000"
,512,Машине и опрема,"200,000","50,000",,,"250,000"
,515,Нематеријална имовина,"50,000","50,000",,,"100,000"
,,Укупно за главу 35:,"19,593,000","697,000",0,0,"20,290,000"
,,КУЛТУРНИ ЦЕНТАР ''ЛАЗА КОСТИЋ'' Сомбор,,,,,
,411,"Плате, додаци и накнаде запослених","4,364,000",,,,"4,364,000"
,412,Социјални доприноси на терет послодавца,"782,000",,,,"782,000"
,415,Накнаде трошкова за запослене,"240,000","40,000",,,"280,000"
,416,Награде запосленима и остали посебни расходи,"100,000",0,0,0,"100,000"
,421,Стални трошкови,"1,500,000","140,000",,,"1,640,000"
,422,Трошкови путовања,"60,000","60,000",,,"120,000"
,423,Услуге по уговору од чега је за:,"7,750,000","1,260,000","5,000,000",0,"14,010,000"
,,Сомборске музичке свечаности,"2,000,000",,,,"2,000,000"
,,Дечији фестивал ''Шарени свет'',"450,000",,,,"450,000"
,,Green town jazz fest,"300,000",,,,"300,000"
,,70. година од колонизације,"600,000",,,,"600,000"
,424,Специјализоване услуге,"500,000",,,,"500,000"
,425,Текуће поправке и одржавање (услуге и материјали),"5,300,000","40,000",,,"5,340,000"
,426,Материјал,"490,000","40,000",,,"530,000"
,465,Остале дотације и трансфери,"572,000",0,,,"572,000"
,482,"Порези, обавезне таксе и казне","10,000","20,000",,,"30,000"
,512,Машине и опрема,"2,000,000",0,"900,000",,"2,900,000"
,,Укупно за главу 36:,"23,668,000","1,600,000","5,900,000",0,"31,168,000"
,,ИСТОРИЈСКИ АРХИВ Сомбор,,,,,
,411,"Плате, додаци и накнаде запослених","8,798,000",0,,,"8,798,000"
,412,Социјални доприноси на терет послодавца,"1,576,000",0,,,"1,576,000"
,414,Социјална давања запосленима,0,"200,000","500,000",,"700,000"
,415,Накнаде трошкова за запослене,"350,000",0,,,"350,000"
,416,Награде запосленима и остали посебни расходи,"150,000",0,,,"150,000"
,421,Стални трошкови,"650,000","150,000",,,"800,000"
,422,Трошкови путовања,"250,000","150,000",,,"400,000"
,423,Услуге по уговору,"1,010,000","350,000",,,"1,360,000"
,425,Текуће поправке и одржавање (услуге и материјали),"1,400,000",0,,,"1,400,000"
,426,Материјал,"440,000","150,000",,,"590,000"
,465,Остале дотације и трансфери,"1,129,000",0,,,"1,129,000"
,512,Машине и опрема,"2,677,000","200,000",0,0,"2,877,000"
,,Укупно за главу 37:,"18,430,000","1,200,000","500,000",0,"20,130,000"
,,Галерија ''МИЛАН КОЊОВИЋ'' Сомбор,,,,,
,411,"Плате, додаци и накнаде запослених","5,116,000","500,000",,,"5,616,000"
,412,Социјални доприноси на терет послодавца,"919,000","89,000",,,"1,008,000"
,413,Накнаде у натури,"5,000","1,000",,,"6,000"
,414,Социјална давања запосленима,"25,000","5,000",,,"30,000"
,415,Накнаде трошкова за запослене,"100,000","100,000",,,"200,000"
,416,Награде запосленима и остали посебни расходи,"110,000","10,000",,,"120,000"
,421,Стални трошкови,"1,040,000","50,000",,,"1,090,000"
,422,Трошкови путовања,"330,000","20,000",,,"350,000"
,423,Услуге по уговору,"720,000","85,000",,,"805,000"
,424,Специјализоване услуге,"10,000","10,000","1,626,000",,"1,646,000"
,425,Текуће поправке и одржавање (услуге и материјали),"100,000","20,000",,,"120,000"
,426,Материјал,"330,000","20,000",,,"350,000"
,465,Остале дотације и трансфери,"345,000",0,,,"345,000"
,482,"Порези, обавезне таксе и казне","10,000","2,000",,,"12,000"
,512,Машине и опрема,"180,000",0,,,"180,000"
,523,Залихе робе за даљу продају,0,"50,000",,,"50,000"
,,Укупно за главу 38 :,"9,340,000","962,000","1,626,000",0,"11,928,000"
,,Подстицаји културном и уметничком стваралаштву,,,,,
,481,Средства за КУД-ове и остале видове аматеризма,,,,,
,,* КУД-ови и остали видови аматеризма,"1,500,000",,,,"1,500,000"
,,* КУД-ови и остали видови аматеризма који негују свој национални идентитет,"1,000,000",,,,"1,000,000"
,,* Унапређење аматеризма на селима,"2,000,000",,,,"2,000,000"
,,Укупно за главу 39:,"4,500,000",,,,"4,500,000"
,,ФИЗИЧКА КУЛТУРА,,,,,
,,Услуге рекреације и спорта,,,,,
,,ПРОГРАМ 14 - РАЗВОЈ СПОРТА И ОМЛАДИНЕ,,,,,
,411,"Плате, додаци и накнаде запослених","19,915,000","4,979,000",,,"24,894,000"
,412,Социјални доприноси на терет послодавца,"3,566,000","910,000",,,"4,476,000"
,413,Накнаде у натури,0,"50,000",,,"50,000"
,414,Социјална давања запосленима,"140,000","100,000",,,"240,000"
,415,Накнаде трошкова за запослене,"2,050,000","50,000",,,"2,100,000"
,416,Награде запосленима и остали посебни расходи,"250,000","50,000",,,"300,000"
,421,Стални трошкови,"46,950,000","760,000",,,"47,710,000"
,422,Трошкови путовања,"70,000","60,000",,,"130,000"
,423,Услуге по уговору,"4,040,000","1,165,000",,,"5,205,000"
,424,Специјализоване услуге,"325,000","80,000",,,"405,000"
,425,Текуће поправке и одржавање (услуге и материјали),"11,920,000","580,000","2,353,000",,"14,853,000"
,426,Материјал,"2,110,000","420,000",,,"2,530,000"
,431,Амортизација некретнина и опреме,0,"30,000",,,"30,000"
,465,Остале дотације и трансфери,"690,000",0,,,"690,000"
,472,Накнаде за социјалну заштиту из буџета,"20,000",0,,,"20,000"
,481,Дотације невладиним организацијама,"42,685,000",,,,"42,685,000"
,482,"Порези, обавезне таксе и казне",0,"160,000",,,"160,000"
,483,Новчане казне и пенали по решењу судова,"30,000","30,000",,,"60,000"
,511,Зграде и грађевински објекти,"300,000",0,"20,618,000",,"20,918,000"
,512,Машине и опрема,"970,000","240,000",,,"1,210,000"
,523,Залихе робе за даљу продају,0,"2,200,000",,,"2,200,000"
,,Укупно за функцију 810:,"136,031,000","11,864,000","22,971,000",0,"170,866,000"
,,Укупно физичка култура :,"136,031,000","11,864,000","22,971,000",0,"170,866,000"
,,Одржавање спортске инфраструктуре,,,,,
,,Спортски центар ''СОКО'' Сомбор,,,,,
,411,"Плате, додаци и накнаде запослених","19,915,000","4,979,000",,,"24,894,000"
,412,Социјални доприноси на терет послодавца,"3,566,000","910,000",,,"4,476,000"
,413,Накнаде у натури,0,"50,000",,,"50,000"
,414,Социјална давања запосленима,"140,000","100,000",,,"240,000"
,415,Накнаде трошкова за запослене,"2,050,000","50,000",,,"2,100,000"
,416,Награде запосленима и остали посебни расходи,"250,000","50,000",,,"300,000"
,421,Стални трошкови,"46,950,000","760,000",,,"47,710,000"
,422,Трошкови путовања,"70,000","60,000",,,"130,000"
,423,Услуге по уговору,"4,040,000","1,165,000",,,"5,205,000"
,424,Специјализоване услуге,"325,000","80,000",,,"405,000"
,425,Текуће поправке и одржавање (услуге и материјали),"11,920,000","580,000","2,353,000",,"14,853,000"
,426,Материјал,"2,110,000","420,000",,,"2,530,000"
,431,Амортизација некретнина и опреме,0,"30,000",,,"30,000"
,465,Остале дотације и трансфери,"690,000",0,,,"690,000"
,472,Накнаде за социјалну заштиту из буџета,"20,000",0,,,"20,000"
,482,"Порези, обавезне таксе и казне",0,"160,000",,,"160,000"
,483,Новчане казне и пенали по решењу судова,"30,000","30,000",,,"60,000"
,511,Зграде и грађевински објекти,"300,000",0,"20,618,000",,"20,918,000"
,512,Машине и опрема,"970,000","240,000",,,"1,210,000"
,523,Залихе робе за даљу продају,0,"2,200,000",,,"2,200,000"
,,Укупно за главу 40 :,"93,346,000","11,864,000","22,971,000",0,"128,181,000"
,,Средства за спортске активности,,,,,
,481,Дотације невладиним организацијама,"42,685,000",,,,"42,685,000"
,,"Подршка предшколском, школском и рекреативном спорту и масовној физичкој култури",,,,,
,,* Спортски савез града Сомбора,"11,249,000",,,,"11,249,000"
,,- програми,"8,565,000",,,,"8,565,000"
,,- школски спорт,"2,684,000",,,,"2,684,000"
,,"Подршка локалним спортским организацијама, удружењима и савезима",,,,,
,,* Организације физичке културе,"31,436,000",,,,"31,436,000"
,,- стручно-педагошки рад (тренери),"3,240,000",,,,"3,240,000"
,,- стипендије,"1,296,000",,,,"1,296,000"
,,- основни трошкови клубова,"16,600,000",,,,"16,600,000"
,,- посебни програми клубова,"9,000,000",,,,"9,000,000"
,,- манифестације,"1,300,000",,,,"1,300,000"
,,Укупно за главу 41:,"42,685,000",,,,"42,685,000"
,,ПРЕДШКОЛСКО ОБРАЗОВАЊЕ,,,,,
,,ПРОГРАМ 8 - ПРЕДШКОЛСКО ОБРАЗОВАЊЕ,,,,,
,,Функционисање предшколских установа,,,,,
,,Предшколско образовање,,,,,
,411,"Плате, додаци и накнаде запослених","86,345,000","3,200,000","13,340,000",,"102,885,000"
,412,Социјални доприноси на терет послодавца,"15,455,000","573,000","2,387,000",,"18,415,000"
,414,Социјална давања запосленима,0,"1,030,000","480,000",,"1,510,000"
,415,Накнаде трошкова за запослене,"6,000,000",0,0,,"6,000,000"
,416,Награде запосленима и остали посебни расходи,"850,000",0,0,,"850,000"
,421,Стални трошкови,"5,000,000","3,150,000","850,000",,"9,000,000"
,422,Трошкови путовања,0,"1,450,000",0,,"1,450,000"
,423,Услуге по уговору (превоз деце у забавишту и друго),"850,000","3,015,000",0,,"3,865,000"
,424,Специјализоване услуге,"1,000,000","850,000",0,,"1,850,000"
,425,Текуће поправке и одржавање (услуге и материјали),"2,000,000","2,000,000","3,143,000",,"7,143,000"
,426,Материјал,"2,800,000","16,070,000","3,400,000",,"22,270,000"
,465,Остале дотације и трансфери,"10,200,000",0,,,"10,200,000"
,472,Накнаде за социјалну заштиту из буџета,"10,000,000",0,0,,"10,000,000"
,482,"Порези, обавезне таксе и казне",0,"110,000",0,,"110,000"
,483,Новчане казне и пенали по решењу судова,0,0,"100,000",,"100,000"
,511,Зграде и грађевински објекти,"12,000,000",0,"1,500,000",,"13,500,000"
,512,Машине и опрема,"2,800,000","1,150,000",0,,"3,950,000"
,515,Нематеријална имовина,0,"50,000",0,,"50,000"
,,Укупно за функцију 911:,"155,300,000","32,648,000","25,200,000",0,"213,148,000"
,,Укупно за главу 42:,"155,300,000","32,648,000","25,200,000",0,"213,148,000"
,,ОСНОВНО ОБРАЗОВАЊЕ,,,,,
,,ПРОГРАМ 9 - ОСНОВНО ОБРАЗОВАЊЕ,,,,,
,,Функционисање основних школа,,,,,
,4631,Текући трансфери осталим нивоима власти,"212,450,000",0,0,0,"212,450,000"
,413,Накнаде у натури,"7,052,000",0,0,0,"7,052,000"
,414,Социјална давања запосленима,"235,000",0,0,0,"235,000"
,415,Накнаде трошкова за запослене,"24,100,000",0,0,0,"24,100,000"
,416,Награде запосленима и остали посебни расходи,"6,702,000",0,0,0,"6,702,000"
,421,Стални трошкови,"70,798,000",0,0,0,"70,798,000"
,422,Трошкови путовања,"43,435,000",0,0,0,"43,435,000"
,423,Услуге по уговору,"15,963,000",0,0,0,"15,963,000"
,424,Специјализоване услуге,"5,886,000",0,0,0,"5,886,000"
,425,Текуће поправке и одржавање,"16,860,000",0,0,0,"16,860,000"
,426,Материјал,"12,287,000",0,0,0,"12,287,000"
,472,Накнаде за социјалну заштиту из буџета,"8,565,000",0,0,0,"8,565,000"
,482,"Порези, обавезне таксе и казне","502,000",0,0,0,"502,000"
,483,Новчане казне и пенали по решењу судова,"65,000",0,0,0,"65,000"
,4632,Капитални трансфери осталим нивоима власти,"29,790,000",0,0,0,"29,790,000"
,511,Зграде и грађевински објекти,"22,750,000",0,0,0,"22,750,000"
,512,Машине и опрема,"7,040,000",0,0,0,"7,040,000"
,,Укупно функција 912:,"242,240,000",0,0,0,"242,240,000"
,,Укупно основно образовање:,"242,240,000",0,0,0,"242,240,000"
,,ОШ ''АВРАМ МРАЗОВИЋ'' СОМБОР,,,,,
,4631,Текући трансфери осталим нивоима власти,"19,069,000",0,0,0,"19,069,000"
,413,Накнаде у натури,"320,000",,,,"320,000"
,414,Социјална давања запосленима,"90,000",,,,"90,000"
,415,Накнаде трошкова за запослене,"1,200,000",,,,"1,200,000"
,416,Награде запосленима и остали посебни расходи,"350,000",,,,"350,000"
,421,Стални трошкови,"6,660,000",,,,"6,660,000"
,422,Трошкови путовања,"5,850,000",,,,"5,850,000"
,423,Услуге по уговору,"511,000",,,,"511,000"
,424,Специјализоване услуге,"1,140,000",,,,"1,140,000"
,425,Текуће поправке и одржавање,"1,700,000",,,,"1,700,000"
,426,Материјал,"892,000",,,,"892,000"
,472,Накнаде за социјалну заштиту из буџета,"355,000",,,,"355,000"
,483,Новчане казне и пенали по решењу судова,"1,000",,,,"1,000"
,4632,Капитални трансфери осталим нивоима власти,"1,100,000",,,,"1,100,000"
,511,Зграде и грађевински објекти,"1,000,000",,,,"1,000,000"
,512,Машине и опрема,"100,000",,,,"100,000"
,,Укупно за главу 43:,"20,169,000",0,0,0,"20,169,000"
,,ОШ ''БРАТСТВО-ЈЕДИНСТВО'' СОМБОР,,,,,
,4631,Текући трансфери осталим нивоима власти,"17,867,000",0,0,0,"17,867,000"
,415,Накнаде трошкова за запослене,"1,000,000",,,,"1,000,000"
,416,Награде запосленима и остали посебни расходи,"300,000",,,,"300,000"
,421,Стални трошкови,"2,830,000",,,,"2,830,000"
,422,Трошкови путовања,"9,026,000",,,,"9,026,000"
,423,Услуге по уговору,"662,000",,,,"662,000"
,424,Специјализоване услуге,"1,022,000",,,,"1,022,000"
,425,Текуће поправке и одржавање,"550,000",,,,"550,000"
,426,Материјал,"656,000",,,,"656,000"
,472,Накнаде за социјалну заштиту из буџета,"1,600,000",,,,"1,600,000"
,482,"Порези, обавезне таксе и казне","221,000",,,,"221,000"
,4632,Капитални трансфери осталим нивоима власти,"3,900,000",,,,"3,900,000"
,511,Зграде и грађевински објекти,"200,000",,,,"200,000"
,512,Машине и опрема,"3,700,000",,,,"3,700,000"
,,Укупно за главу 44:,"21,767,000",0,0,0,"21,767,000"
,,ОШ ''ДОСИТЕЈ ОБРАДОВИЋ'' СОМБОР,,,,,
,4631,Текући трансфери осталим нивоима власти,"11,230,000",0,0,0,"11,230,000"
,413,Накнаде у натури,"240,000",,,,"240,000"
,414,Социјална давања запосленима,"66,000",,,,"66,000"
,415,Накнаде трошкова за запослене,"490,000",,,,"490,000"
,416,Награде запосленима и остали посебни расходи,"500,000",,,,"500,000"
,421,Стални трошкови,"5,800,000",,,,"5,800,000"
,422,Трошкови путовања,"520,000",,,,"520,000"
,423,Услуге по уговору,"881,000",,,,"881,000"
,424,Специјализоване услуге,"1,030,000",,,,"1,030,000"
,425,Текуће поправке и одржавање,"700,000",,,,"700,000"
,426,Материјал,"712,000",,,,"712,000"
,472,Накнаде за социјалну заштиту из буџета,"290,000",,,,"290,000"
,482,"Порези, обавезне таксе и казне","1,000",,,,"1,000"
,4632,Капитални трансфери осталим нивоима власти,"310,000",,,,"310,000"
,512,Машине и опрема,"310,000",,,,"310,000"
,,Укупно за главу 45:,"11,540,000",0,0,0,"11,540,000"
,,ОШ ''ИВО ЛОЛА РИБАР'' СОМБОР,,,,,
,4631,Текући трансфери осталим нивоима власти,"13,122,000",0,0,0,"13,122,000"
,415,Накнаде трошкова за запослене,"400,000",,,,"400,000"
,416,Награде запосленима и остали посебни расходи,"422,000",,,,"422,000"
,421,Стални трошкови,"4,493,000",,,,"4,493,000"
,422,Трошкови путовања,"2,701,000",,,,"2,701,000"
,423,Услуге по уговору,"470,000",,,,"470,000"
,424,Специјализоване услуге,"1,170,000",,,,"1,170,000"
,425,Текуће поправке и одржавање,"2,200,000",,,,"2,200,000"
,426,Материјал,"835,000",,,,"835,000"
,472,Накнаде за социјалну заштиту из буџета,"430,000",,,,"430,000"
,482,"Порези, обавезне таксе и казне","1,000",,,,"1,000"
,4632,Капитални трансфери осталим нивоима власти,"200,000",,,,"200,000"
,512,Машине и опрема,"200,000",,,,"200,000"
,,Укупно за главу 46:,"13,322,000",0,0,0,"13,322,000"
,,ОШ ''НИКОЛА ВУКИЋЕВИЋ'' СОМБОР,,,,,
,4631,Текући трансфери осталим нивоима власти,"13,685,000",0,0,0,"13,685,000"
,413,Накнаде у натури,"50,000",,,,"50,000"
,414,Социјална давања запосленима,"50,000",,,,"50,000"
,415,Накнаде трошкова за запослене,"400,000",,,,"400,000"
,416,Награде запосленима и остали посебни расходи,"400,000",,,,"400,000"
,421,Стални трошкови,"3,130,000",,,,"3,130,000"
,422,Трошкови путовања,"5,250,000",,,,"5,250,000"
,423,Услуге по уговору,"720,000",,,,"720,000"
,424,Специјализоване услуге,"1,020,000",,,,"1,020,000"
,425,Текуће поправке и одржавање,"1,100,000",,,,"1,100,000"
,426,Материјал,"655,000",,,,"655,000"
,472,Накнаде за социјалну заштиту из буџета,"800,000",,,,"800,000"
,482,"Порези, обавезне таксе и казне","105,000",,,,"105,000"
,483,Новчане казне и пенали по решењу судова,"5,000",,,,"5,000"
,4632,Капитални трансфери осталим нивоима власти,"800,000",,,,"800,000"
,511,Зграде и грађевински објекти,"500,000",,,,"500,000"
,512,Машине и опрема,"300,000",,,,"300,000"
,,Укупно за главу 47:,"14,485,000",0,0,0,"14,485,000"
,,ОШ ''АЛЕКСА ШАНТИЋ'' АЛЕКСА ШАНТИЋ,,,,,
,4631,Текући трансфери осталим нивоима власти,"6,004,000",0,0,0,"6,004,000"
,414,Социјална давања запосленима,"1,000",,,,"1,000"
,415,Накнаде трошкова за запослене,"1,000,000",,,,"1,000,000"
,416,Награде запосленима и остали посебни расходи,"105,000",,,,"105,000"
,421,Стални трошкови,"3,224,000",,,,"3,224,000"
,422,Трошкови путовања,"537,000",,,,"537,000"
,423,Услуге по уговору,"206,000",,,,"206,000"
,424,Специјализоване услуге,"22,000",,,,"22,000"
,425,Текуће поправке и одржавање,"500,000",,,,"500,000"
,426,Материјал,"273,000",,,,"273,000"
,472,Накнаде за социјалну заштиту из буџета,"130,000",,,,"130,000"
,482,"Порези, обавезне таксе и казне","5,000",,,,"5,000"
,483,Новчане казне и пенали по решењу судова,"1,000",,,,"1,000"
,4632,Капитални трансфери осталим нивоима власти,"2,550,000",,,,"2,550,000"
,511,Зграде и грађевински објекти,"2,500,000",,,,"2,500,000"
,512,Машине и опрема,"50,000",,,,"50,000"
,,Укупно за главу 48:,"8,554,000",0,0,0,"8,554,000"
,,ОШ ''22.ОКТОБАР'' БАЧКИ МОНОШТОР,,,,,
,4631,Текући трансфери осталим нивоима власти,"7,956,000",0,0,0,"7,956,000"
,413,Накнаде у натури,"250,000",,,,"250,000"
,415,Накнаде трошкова за запослене,"800,000",,,,"800,000"
,416,Награде запосленима и остали посебни расходи,"140,000",,,,"140,000"
,421,Стални трошкови,"4,080,000",,,,"4,080,000"
,422,Трошкови путовања,"230,000",,,,"230,000"
,423,Услуге по уговору,"310,000",,,,"310,000"
,424,Специјализоване услуге,"31,000",,,,"31,000"
,425,Текуће поправке и одржавање,"790,000",,,,"790,000"
,426,Материјал,"425,000",,,,"425,000"
,472,Накнаде за социјалну заштиту из буџета,"900,000",,,,"900,000"
,4632,Капитални трансфери осталим нивоима власти,"70,000",,,,"70,000"
,512,Машине и опрема,"70,000",,,,"70,000"
,,Укупно за главу 49:,"8,026,000",0,0,0,"8,026,000"
,,ОШ ''МОША ПИЈАДЕ'' БАЧКИ БРЕГ,,,,,
,4631,Текући трансфери осталим нивоима власти,"4,399,000",0,0,0,"4,399,000"
,413,Накнаде у натури,"150,000",,,,"150,000"
,415,Накнаде трошкова за запослене,"1,500,000",,,,"1,500,000"
,416,Награде запосленима и остали посебни расходи,"100,000",,,,"100,000"
,421,Стални трошкови,"1,375,000",,,,"1,375,000"
,422,Трошкови путовања,"35,000",,,,"35,000"
,423,Услуге по уговору,"285,000",,,,"285,000"
,424,Специјализоване услуге,"36,000",,,,"36,000"
,425,Текуће поправке и одржавање,"300,000",,,,"300,000"
,426,Материјал,"378,000",,,,"378,000"
,472,Накнаде за социјалну заштиту из буџета,"230,000",,,,"230,000"
,482,"Порези, обавезне таксе и казне","10,000",,,,"10,000"
,4632,Капитални трансфери осталим нивоима власти,"1,070,000",,,,"1,070,000"
,511,Зграде и грађевински објекти,"1,000,000",,,,"1,000,000"
,512,Машине и опрема,"70,000",,,,"70,000"
,,Укупно за главу 50:,"5,469,000",0,0,0,"5,469,000"
,,ОШ ''ЛАЗА КОСТИЋ'' ГАКОВО,,,,,
,4631,Текући трансфери осталим нивоима власти,"7,450,000",0,0,0,"7,450,000"
,415,Накнаде трошкова за запослене,"1,400,000",,,,"1,400,000"
,416,Награде запосленима и остали посебни расходи,"210,000",,,,"210,000"
,421,Стални трошкови,"2,308,000",,,,"2,308,000"
,422,Трошкови путовања,"640,000",,,,"640,000"
,423,Услуге по уговору,"339,000",,,,"339,000"
,424,Специјализоване услуге,"20,000",,,,"20,000"
,425,Текуће поправке и одржавање,"2,000,000",,,,"2,000,000"
,426,Материјал,"366,000",,,,"366,000"
,472,Накнаде за социјалну заштиту из буџета,"160,000",,,,"160,000"
,482,"Порези, обавезне таксе и казне","6,000",,,,"6,000"
,483,Новчане казне и пенали по решењу судова,"1,000",,,,"1,000"
,4632,Капитални трансфери осталим нивоима власти,"70,000",,,,"70,000"
,512,Машине и опрема,"70,000",,,,"70,000"
,,Укупно за главу 51:,"7,520,000",0,0,0,"7,520,000"
,,ОШ ''ПЕТЕФИ ШАНДОР'' ДОРОСЛОВО,,,,,
,4631,Текући трансфери осталим нивоима власти,"5,272,000",0,0,0,"5,272,000"
,413,Накнаде у натури,"1,000",,,,"1,000"
,415,Накнаде трошкова за запослене,"2,000,000",,,,"2,000,000"
,416,Награде запосленима и остали посебни расходи,"220,000",,,,"220,000"
,421,Стални трошкови,"1,445,000",,,,"1,445,000"
,422,Трошкови путовања,"151,000",,,,"151,000"
,423,Услуге по уговору,"262,000",,,,"262,000"
,424,Специјализоване услуге,"43,000",,,,"43,000"
,425,Текуће поправке и одржавање,"350,000",,,,"350,000"
,426,Материјал,"395,000",,,,"395,000"
,472,Накнаде за социјалну заштиту из буџета,"400,000",,,,"400,000"
,483,Новчане казне и пенали по решењу судова,"5,000",,,,"5,000"
,4632,Капитални трансфери осталим нивоима власти,"70,000",,,,"70,000"
,512,Машине и опрема,"70,000",,,,"70,000"
,,Укупно за главу 52:,"5,342,000",0,0,0,"5,342,000"
,,ОШ ''БРАТСТВО-ЈЕДИНСТВО'' БЕЗДАН,,,,,
,4631,Текући трансфери осталим нивоима власти,"8,980,000",0,0,0,"8,980,000"
,415,Накнаде трошкова за запослене,"1,000,000",,,,"1,000,000"
,416,Награде запосленима и остали посебни расходи,"725,000",,,,"725,000"
,421,Стални трошкови,"4,910,000",,,,"4,910,000"
,422,Трошкови путовања,"230,000",,,,"230,000"
,423,Услуге по уговору,"180,000",,,,"180,000"
,424,Специјализоване услуге,"25,000",,,,"25,000"
,425,Текуће поправке и одржавање,"790,000",,,,"790,000"
,426,Материјал,"400,000",,,,"400,000"
,472,Накнаде за социјалну заштиту из буџета,"700,000",,,,"700,000"
,482,"Порези, обавезне таксе и казне","20,000",,,,"20,000"
,4632,Капитални трансфери осталим нивоима власти,"90,000",,,,"90,000"
,512,Машине и опрема,"90,000",,,,"90,000"
,,Укупно за главу 53:,"9,070,000",0,0,0,"9,070,000"
,,ОШ ''НИКОЛА ТЕСЛА'' КЉАЈИЋЕВО,,,,,
,4631,Текући трансфери осталим нивоима власти,"8,500,000",0,0,0,"8,500,000"
,414,Социјална давања запосленима,"20,000",,,,"20,000"
,415,Накнаде трошкова за запослене,"2,000,000",,,,"2,000,000"
,416,Награде запосленима и остали посебни расходи,"300,000",,,,"300,000"
,421,Стални трошкови,"3,425,000",,,,"3,425,000"
,422,Трошкови путовања,"780,000",,,,"780,000"
,423,Услуге по уговору,"440,000",,,,"440,000"
,424,Специјализоване услуге,"20,000",,,,"20,000"
,425,Текуће поправке и одржавање,"490,000",,,,"490,000"
,426,Материјал,"800,000",,,,"800,000"
,472,Накнаде за социјалну заштиту из буџета,"220,000",,,,"220,000"
,483,Новчане казне и пенали по решењу судова,"5,000",,,,"5,000"
,4632,Капитални трансфери осталим нивоима власти,"3,090,000",0,0,0,"3,090,000"
,511,Зграде и грађевински објекти,"3,000,000",,,,"3,000,000"
,512,Машине и опрема,"90,000",,,,"90,000"
,,Укупно за главу 54:,"11,590,000",0,0,0,"11,590,000"
,,ОШ ''ОГЊЕН ПРИЦА'' КОЛУТ,,,,,
,4631,Текући трансфери осталим нивоима власти,"5,840,000",0,0,0,"5,840,000"
,413,Накнаде у натури,"500,000",,,,"500,000"
,415,Накнаде трошкова за запослене,"900,000",,,,"900,000"
,416,Награде запосленима и остали посебни расходи,"180,000",,,,"180,000"
,421,Стални трошкови,"2,690,000",,,,"2,690,000"
,422,Трошкови путовања,"90,000",,,,"90,000"
,423,Услуге по уговору,"305,000",,,,"305,000"
,424,Специјализоване услуге,"32,000",,,,"32,000"
,425,Текуће поправке и одржавање,"550,000",,,,"550,000"
,426,Материјал,"443,000",,,,"443,000"
,472,Накнаде за социјалну заштиту из буџета,"130,000",,,,"130,000"
,482,"Порези, обавезне таксе и казне","20,000",,,,"20,000"
,4632,Капитални трансфери осталим нивоима власти,"450,000",,,,"450,000"
,511,Зграде и грађевински објекти,"400,000",,,,"400,000"
,512,Машине и опрема,"50,000",,,,"50,000"
,,Укупно за главу 55:,"6,290,000",0,0,0,"6,290,000"
,,ОШ ''ПЕТАР КОЧИЋ'' РИЂИЦА,,,,,
,4631,Текући трансфери осталим нивоима власти,"7,830,000",0,0,0,"7,830,000"
,413,Накнаде у натури,"730,000",,,,"730,000"
,415,Накнаде трошкова за запослене,"1,400,000",,,,"1,400,000"
,416,Награде запосленима и остали посебни расходи,"450,000",,,,"450,000"
,421,Стални трошкови,"3,544,000",,,,"3,544,000"
,422,Трошкови путовања,"160,000",,,,"160,000"
,423,Услуге по уговору,"285,000",,,,"285,000"
,424,Специјализоване услуге,"38,000",,,,"38,000"
,425,Текуће поправке и одржавање,"570,000",,,,"570,000"
,426,Материјал,"450,000",,,,"450,000"
,472,Накнаде за социјалну заштиту из буџета,"200,000",,,,"200,000"
,482,"Порези, обавезне таксе и казне","3,000",,,,"3,000"
,4632,Капитални трансфери осталим нивоима власти,"2,500,000",,,,"2,500,000"
,511,Зграде и грађевински објекти,"2,450,000",,,,"2,450,000"
,512,Машине и опрема,"50,000",,,,"50,000"
,,Укупно за главу 56:,"10,330,000",0,0,0,"10,330,000"
,,ОШ ''БРАТСТВО-ЈЕДИНСТВО'' СВЕТОЗАР МИЛЕТИЋ,,,,,
,4631,Текући трансфери осталим нивоима власти,"7,730,000",0,0,0,"7,730,000"
,413,Накнаде у натури,"200,000",,,,"200,000"
,414,Социјална давања запосленима,"2,000",,,,"2,000"
,415,Накнаде трошкова за запослене,"1,750,000",,,,"1,750,000"
,416,Награде запосленима и остали посебни расходи,"160,000",,,,"160,000"
,421,Стални трошкови,"3,480,000",,,,"3,480,000"
,422,Трошкови путовања,"491,000",,,,"491,000"
,423,Услуге по уговору,"316,000",,,,"316,000"
,424,Специјализоване услуге,"70,000",,,,"70,000"
,425,Текуће поправке и одржавање,"370,000",,,,"370,000"
,426,Материјал,"405,000",,,,"405,000"
,472,Накнаде за социјалну заштиту из буџета,"460,000",,,,"460,000"
,482,"Порези, обавезне таксе и казне","25,000",,,,"25,000"
,483,Новчане казне и пенали по решењу судова,"1,000",,,,"1,000"
,4632,Капитални трансфери осталим нивоима власти,"2,070,000",,,,"2,070,000"
,511,Зграде и грађевински објекти,"2,000,000",,,,"2,000,000"
,512,Машине и опрема,"70,000",,,,"70,000"
,,Укупно за главу 57:,"9,800,000",0,0,0,"9,800,000"
,,ОШ ''ИВАН ГОРАН КОВАЧИЋ'' СТАНИШИЋ,,,,,
,4631,Текући трансфери осталим нивоима власти,"8,704,000",0,0,0,"8,704,000"
,413,Накнаде у натури,"500,000",,,,"500,000"
,415,Накнаде трошкова за запослене,"1,300,000",,,,"1,300,000"
,416,Награде запосленима и остали посебни расходи,"390,000",,,,"390,000"
,421,Стални трошкови,"4,200,000",,,,"4,200,000"
,422,Трошкови путовања,"200,000",,,,"200,000"
,423,Услуге по уговору,"332,000",,,,"332,000"
,424,Специјализоване услуге,"26,000",,,,"26,000"
,425,Текуће поправке и одржавање,"990,000",,,,"990,000"
,426,Материјал,"495,000",,,,"495,000"
,472,Накнаде за социјалну заштиту из буџета,"270,000",,,,"270,000"
,482,"Порези, обавезне таксе и казне","1,000",,,,"1,000"
,4632,Капитални трансфери осталим нивоима власти,"4,050,000",,,,"4,050,000"
,511,Зграде и грађевински објекти,"3,950,000",,,,"3,950,000"
,512,Машине и опрема,"100,000",,,,"100,000"
,,Укупно за главу 58:,"12,754,000",0,0,0,"12,754,000"
,,ОШ ''БРАНКО РАДИЧЕВИЋ'' СТАПАР,,,,,
,4631,Текући трансфери осталим нивоима власти,"7,575,000",0,0,0,"7,575,000"
,415,Накнаде трошкова за запослене,"1,210,000",,,,"1,210,000"
,416,Награде запосленима и остали посебни расходи,"210,000",,,,"210,000"
,421,Стални трошкови,"4,080,000",,,,"4,080,000"
,422,Трошкови путовања,"170,000",,,,"170,000"
,423,Услуге по уговору,"305,000",,,,"305,000"
,424,Специјализоване услуге,"25,000",,,,"25,000"
,425,Текуће поправке и одржавање,"590,000",,,,"590,000"
,426,Материјал,"740,000",,,,"740,000"
,472,Накнаде за социјалну заштиту из буџета,"200,000",,,,"200,000"
,483,Новчане казне и пенали по решењу судова,"45,000",,,,"45,000"
,4632,Капитални трансфери осталим нивоима власти,"500,000",,,,"500,000"
,511,Зграде и грађевински објекти,"400,000",,,,"400,000"
,512,Машине и опрема,"100,000",,,,"100,000"
,,Укупно за главу 59:,"8,075,000",0,0,0,"8,075,000"
,,ОШ ''КИШ ФЕРЕНЦ'' ТЕЛЕЧКА,,,,,
,4631,Текући трансфери осталим нивоима власти,"5,995,000",0,0,0,"5,995,000"
,413,Накнаде у натури,"90,000",,,,"90,000"
,414,Социјална давања запосленима,"2,000",,,,"2,000"
,415,Накнаде трошкова за запослене,"1,250,000",,,,"1,250,000"
,416,Награде запосленима и остали посебни расходи,"210,000",,,,"210,000"
,421,Стални трошкови,"2,550,000",,,,"2,550,000"
,422,Трошкови путовања,"202,000",,,,"202,000"
,423,Услуге по уговору,"292,000",,,,"292,000"
,424,Специјализоване услуге,"61,000",,,,"61,000"
,425,Текуће поправке и одржавање,"480,000",,,,"480,000"
,426,Материјал,"480,000",,,,"480,000"
,472,Накнаде за социјалну заштиту из буџета,"360,000",,,,"360,000"
,482,"Порези, обавезне таксе и казне","18,000",,,,"18,000"
,4632,Капитални трансфери осталим нивоима власти,"100,000",,,,"100,000"
,512,Машине и опрема,"100,000",,,,"100,000"
,,Укупно за главу 60:,"6,095,000",0,0,0,"6,095,000"
,,ОШ ''МИРОСЛАВ АНТИЋ'' ЧОНОПЉА,,,,,
,4631,Текући трансфери осталим нивоима власти,"5,815,000",0,0,0,"5,815,000"
,415,Накнаде трошкова за запослене,"1,300,000",,,,"1,300,000"
,416,Награде запосленима и остали посебни расходи,"210,000",,,,"210,000"
,421,Стални трошкови,"2,165,000",,,,"2,165,000"
,422,Трошкови путовања,"170,000",,,,"170,000"
,423,Услуге по уговору,"710,000",,,,"710,000"
,424,Специјализоване услуге,"20,000",,,,"20,000"
,425,Текуће поправке и одржавање,"430,000",,,,"430,000"
,426,Материјал,"500,000",,,,"500,000"
,472,Накнаде за социјалну заштиту из буџета,"300,000",,,,"300,000"
,482,"Порези, обавезне таксе и казне","10,000",,,,"10,000"
,4632,Капитални трансфери осталим нивоима власти,"1,800,000",,,,"1,800,000"
,511,Зграде и грађевински објекти,"1,600,000",,,,"1,600,000"
,512,Машине и опрема,"200,000",,,,"200,000"
,,Укупно за главу 61:,"7,615,000",0,0,0,"7,615,000"
,,СОШ '''ВУК КАРАЏИЋ'' СОМБОР,,,,,
,4631,Текући трансфери осталим нивоима власти,"7,890,000",0,0,0,"7,890,000"
,413,Накнаде у натури,"120,000",,,,"120,000"
,414,Социјална давања запосленима,"2,000",,,,"2,000"
,415,Накнаде трошкова за запослене,"1,250,000",,,,"1,250,000"
,416,Награде запосленима и остали посебни расходи,"650,000",,,,"650,000"
,421,Стални трошкови,"2,454,000",,,,"2,454,000"
,422,Трошкови путовања,"1,190,000",,,,"1,190,000"
,423,Услуге по уговору,"267,000",,,,"267,000"
,424,Специјализоване услуге,"31,000",,,,"31,000"
,425,Текуће поправке и одржавање,"430,000",,,,"430,000"
,426,Материјал,"1,020,000",,,,"1,020,000"
,472,Накнаде за социјалну заштиту из буџета,"430,000",,,,"430,000"
,482,"Порези, обавезне таксе и казне","45,000",,,,"45,000"
,483,Новчане казне и пенали по решењу судова,"1,000",,,,"1,000"
,4632,Капитални трансфери осталим нивоима власти,"2,600,000",,,,"2,600,000"
,511,Зграде и грађевински објекти,"2,000,000",,,,"2,000,000"
,512,Машине и опрема,"600,000",,,,"600,000"
,,Укупно за главу 62:,"10,490,000",0,0,0,"10,490,000"
,,ОСНОВНА МУЗИЧКА ШКОЛА ''ПЕТАР КОЊОВИЋ'' СОМБОР,,,,,
,4631,Текући трансфери осталим нивоима власти,"6,548,000",0,0,0,"6,548,000"
,413,Накнаде у натури,"3,900,000",,,,"3,900,000"
,416,Награде запосленима и остали посебни расходи,"400,000",,,,"400,000"
,421,Стални трошкови,"925,000",,,,"925,000"
,422,Трошкови путовања,"151,000",,,,"151,000"
,423,Услуге по уговору,"202,000",,,,"202,000"
,424,Специјализоване услуге,"3,000",,,,"3,000"
,425,Текуће поправке и одржавање,"670,000",,,,"670,000"
,426,Материјал,"287,000",,,,"287,000"
,482,"Порези, обавезне таксе и казне","10,000",,,,"10,000"
,4632,Капитални трансфери осталим нивоима власти,"1,330,000",,,,"1,330,000"
,511,Зграде и грађевински објекти,"1,250,000",,,,"1,250,000"
,512,Машине и опрема,"80,000",,,,"80,000"
,,Укупно за главу 63:,"7,878,000",0,0,0,"7,878,000"
,,ШК.ЗА ОСНОВНО ОБРАЗ.ОДРАСЛИХ СОМБОР,,,,,
,4631,Текући трансфери осталим нивоима власти,"4,189,000",0,0,0,"4,189,000"
,413,Накнаде у натури,"1,000",,,,"1,000"
,414,Социјална давања запосленима,"2,000",,,,"2,000"
,415,Накнаде трошкова за запослене,"550,000",,,,"550,000"
,416,Награде запосленима и остали посебни расходи,"70,000",,,,"70,000"
,421,Стални трошкови,"1,030,000",,,,"1,030,000"
,422,Трошкови путовања,"1,161,000",,,,"1,161,000"
,423,Услуге по уговору,"383,000",,,,"383,000"
,424,Специјализоване услуге,"1,000",,,,"1,000"
,425,Текуће поправке и одржавање,"310,000",,,,"310,000"
,426,Материјал,"680,000",,,,"680,000"
,482,"Порези, обавезне таксе и казне","1,000",,,,"1,000"
,4632,Капитални трансфери осталим нивоима власти,"570,000",,,,"570,000"
,511,Зграде и грађевински објекти,"500,000",,,,"500,000"
,512,Машине и опрема,"70,000",,,,"70,000"
,,Укупно за главу 64:,"4,759,000",0,0,0,"4,759,000"
,,"НАКНАДЕ ЗА ПРЕВОЗ, СМЕШТАЈ И АНГАЖОВАЊЕ ЛИЧНИХ ПРАТИЛАЦА ДЕЦЕ И УЧЕНИКА",,,,,
,4631,Текући трансфери осталим нивоима власти,"20,800,000",0,0,0,"20,800,000"
,422,Трошкови путовања,"13,500,000",,,,"13,500,000"
,423,Услуге по уговору-смештај ученика са сметњама у развоју,"400,000",,,,"400,000"
,423,Услуге по уговору-накнада за личне пратиоце ученика (инклузија),"6,900,000",,,,"6,900,000"
,4632,Капитални трансфери осталим нивоима власти,"500,000",,,,"500,000"
,512,Машине и опрема,"500,000",,,,"500,000"
,,Укупно за главу 65:,"21,300,000",0,0,0,"21,300,000"
,,СРЕДЊЕ ОБРАЗОВАЊЕ,,,,,
,,Средње образовање,,,,,
,,ПРОГРАМ 10 - СРЕДЊЕ ОБРАЗОВАЊЕ,,,,,
,,Функционисање средњих школа,,,,,
,4631,Текући трансфери осталим нивоима власти,"56,150,000",0,0,0,"56,150,000"
,413,Накнаде у натури,"645,000",0,0,0,"645,000"
,414,Социјална давања запосленима,"450,000",0,0,0,"450,000"
,415,Накнаде трошкова за запослене,"7,650,000",0,0,0,"7,650,000"
,416,Награде запосленима и остали посебни расходи,"2,855,000",0,0,0,"2,855,000"
,421,Стални трошкови,"26,527,000",0,0,0,"26,527,000"
,422,Трошкови путовања,"1,689,000",0,0,0,"1,689,000"
,423,Услуге по уговору,"2,848,000",0,0,0,"2,848,000"
,424,Специјализоване услуге,"768,000",0,0,0,"768,000"
,425,Текуће поправке и одржавање,"6,550,000",0,0,0,"6,550,000"
,426,Материјал,"6,065,000",0,0,0,"6,065,000"
,482,"Порези, обавезне таксе и казне","81,000",0,0,0,"81,000"
,483,Новчане казне и пенали по решењу судова,"22,000",0,0,0,"22,000"
,4632,Капитални трансфери осталим нивоима власти,"10,810,000",0,0,0,"10,810,000"
,511,Зграде и грађевински објекти,"2,500,000",,,,"2,500,000"
,512,Машине и опрема,"8,310,000",0,0,0,"8,310,000"
,,Укупно функција 920:,"66,960,000",0,0,0,"66,960,000"
,,Укупно средње образовање:,"66,960,000",0,0,0,"66,960,000"
,,СМШ ''ДР РУЖИЦА РИП'' СОМБОР,,,,,
,4631,Текући трансфери осталим нивоима власти,"5,855,000",0,0,0,"5,855,000"
,413,Накнаде у натури,"490,000",,,,"490,000"
,414,Социјална давања запосленима,"60,000",,,,"60,000"
,415,Накнаде трошкова за запослене,"1,050,000",,,,"1,050,000"
,416,Награде запосленима и остали посебни расходи,"200,000",,,,"200,000"
,421,Стални трошкови,"2,463,000",,,,"2,463,000"
,422,Трошкови путовања,"200,000",,,,"200,000"
,423,Услуге по уговору,"345,000",,,,"345,000"
,424,Специјализоване услуге,"7,000",,,,"7,000"
,425,Текуће поправке и одржавање,"500,000",,,,"500,000"
,426,Материјал,"540,000",,,,"540,000"
,4632,Капитални трансфери осталим нивоима власти,"200,000",,,,"200,000"
,512,Машине и опрема,"200,000",,,,"200,000"
,,Укупно за главу 66:,"6,055,000",0,0,0,"6,055,000"
,,ГИМНАЗИЈА ''ВЕЉКО ПЕТРОВИЋ'' СОМБОР,,,,,
,4631,Текући трансфери осталим нивоима власти,"9,739,000",0,0,0,"9,739,000"
,413,Накнаде у натури,"150,000",,,,"150,000"
,414,Социјална давања запосленима,"60,000",,,,"60,000"
,415,Накнаде трошкова за запослене,"1,000,000",,,,"1,000,000"
,416,Награде запосленима и остали посебни расходи,"250,000",,,,"250,000"
,421,Стални трошкови,"4,690,000",,,,"4,690,000"
,422,Трошкови путовања,"411,000",,,,"411,000"
,423,Услуге по уговору,"574,000",,,,"574,000"
,424,Специјализоване услуге,"2,000",,,,"2,000"
,425,Текуће поправке и одржавање,"1,950,000",,,,"1,950,000"
,426,Материјал,"650,000",,,,"650,000"
,482,"Порези, обавезне таксе и казне","2,000",,,,"2,000"
,4632,Капитални трансфери осталим нивоима власти,"200,000",,,,"200,000"
,512,Машине и опрема,"200,000",,,,"200,000"
,,Укупно за главу 67:,"9,939,000",0,0,0,"9,939,000"
,,СРЕДЊА ПОЉ.ПРЕХ.ШКОЛА СОМБОР,,,,,
,4631,Текући трансфери осталим нивоима власти,"9,720,000",0,0,0,"9,720,000"
,414,Социјална давања запосленима,"100,000",,,,"100,000"
,415,Накнаде трошкова за запослене,"900,000",,,,"900,000"
,416,Награде запосленима и остали посебни расходи,"350,000",,,,"350,000"
,421,Стални трошкови,"5,415,000",,,,"5,415,000"
,422,Трошкови путовања,"220,000",,,,"220,000"
,423,Услуге по уговору,"415,000",,,,"415,000"
,424,Специјализоване услуге,"160,000",,,,"160,000"
,425,Текуће поправке и одржавање,"1,000,000",,,,"1,000,000"
,426,Материјал,"1,130,000",,,,"1,130,000"
,482,"Порези, обавезне таксе и казне","10,000",,,,"10,000"
,483,Новчане казне и пенали по решењу судова,"20,000",,,,"20,000"
,4632,Капитални трансфери осталим нивоима власти,"1,410,000",,,,"1,410,000"
,511,Зграде и грађевински објекти,"600,000",,,,"600,000"
,512,Машине и опрема,"810,000",,,,"810,000"
,,Укупно за главу 68:,"11,130,000",0,0,0,"11,130,000"
,,СРЕДЊА ШКОЛА ''СВЕТИ САВА'' СОМБОР,,,,,
,4631,Текући трансфери осталим нивоима власти,"7,030,000",0,0,0,"7,030,000"
,413,Накнаде у натури,"5,000",,,,"5,000"
,414,Социјална давања запосленима,"30,000",,,,"30,000"
,415,Накнаде трошкова за запослене,"1,400,000",,,,"1,400,000"
,416,Награде запосленима и остали посебни расходи,"520,000",,,,"520,000"
,421,Стални трошкови,"2,960,000",,,,"2,960,000"
,422,Трошкови путовања,"242,000",,,,"242,000"
,423,Услуге по уговору,"278,000",,,,"278,000"
,424,Специјализоване услуге,"3,000",,,,"3,000"
,425,Текуће поправке и одржавање,"750,000",,,,"750,000"
,426,Материјал,"820,000",,,,"820,000"
,482,"Порези, обавезне таксе и казне","21,000",,,,"21,000"
,483,Новчане казне и пенали по решењу судова,"1,000",,,,"1,000"
,4632,Капитални трансфери осталим нивоима власти,"300,000",,,,"300,000"
,512,Машине и опрема,"300,000",,,,"300,000"
,,Укупно за главу 69:,"7,330,000",0,0,0,"7,330,000"
,,СРЕДЊА ЕКОНОМСКА ШКОЛА,,,,,
,4631,Текући трансфери осталим нивоима власти,"8,944,000",0,0,0,"8,944,000"
,414,Социјална давања запосленима,"110,000",,,,"110,000"
,415,Накнаде трошкова за запослене,"1,150,000",,,,"1,150,000"
,416,Награде запосленима и остали посебни расходи,"735,000",,,,"735,000"
,421,Стални трошкови,"3,835,000",,,,"3,835,000"
,422,Трошкови путовања,"286,000",,,,"286,000"
,423,Услуге по уговору,"544,000",,,,"544,000"
,424,Специјализоване услуге,"575,000",,,,"575,000"
,425,Текуће поправке и одржавање,"900,000",,,,"900,000"
,426,Материјал,"806,000",,,,"806,000"
,482,"Порези, обавезне таксе и казне","2,000",,,,"2,000"
,483,Новчане казне и пенали по решењу судова,"1,000",,,,"1,000"
,4632,Капитални трансфери осталим нивоима власти,"5,200,000",,,,"5,200,000"
,512,Машине и опрема,"5,200,000",,,,"5,200,000"
,,Укупно за главу 70:,"14,144,000",0,0,0,"14,144,000"
,,СРЕДЊА ТЕХНИЧКА ШКОЛА СОМБОР,,,,,
,4631,Текући трансфери осталим нивоима власти,"11,517,000",0,0,0,"11,517,000"
,414,Социјална давања запосленима,"90,000",,,,"90,000"
,415,Накнаде трошкова за запослене,"1,000,000",,,,"1,000,000"
,416,Награде запосленима и остали посебни расходи,"800,000",,,,"800,000"
,421,Стални трошкови,"5,850,000",,,,"5,850,000"
,422,Трошкови путовања,"230,000",,,,"230,000"
,423,Услуге по уговору,"550,000",,,,"550,000"
,424,Специјализоване услуге,"1,000",,,,"1,000"
,425,Текуће поправке и одржавање,"1,200,000",,,,"1,200,000"
,426,Материјал,"1,750,000",,,,"1,750,000"
,482,"Порези, обавезне таксе и казне","46,000",,,,"46,000"
,4632,Капитални трансфери осталим нивоима власти,"3,500,000",,,,"3,500,000"
,511,Зграде и грађевински објекти,"1,900,000",,,,"1,900,000"
,512,Машине и опрема,"1,600,000",,,,"1,600,000"
,,Укупно за главу 71:,"15,017,000",0,0,0,"15,017,000"
,,СОШ ''ВУК КАРАЏИЋ'' Сомбор,,,,,
,4631,Текући трансфери осталим нивоима власти,"1,785,000",0,0,0,"1,785,000"
,421,Стални трошкови,"1,194,000",,,,"1,194,000"
,422,Трошкови путовања,"70,000",,,,"70,000"
,423,Услуге по уговору,"62,000",,,,"62,000"
,424,Специјализоване услуге,"20,000",,,,"20,000"
,425,Текуће поправке и одржавање,"250,000",,,,"250,000"
,426,Материјал,"189,000",,,,"189,000"
,,Укупно за главу 72:,"1,785,000",0,0,0,"1,785,000"
,,СРЕДЊА МУЗИЧКА ШКОЛА СОМБОР,,,,,
,4631,Текући трансфери осталим нивоима власти,"1,560,000",0,0,0,"1,560,000"
,415,Накнаде трошкова за запослене,"1,150,000",,,,"1,150,000"
,421,Стални трошкови,"120,000",,,,"120,000"
,422,Трошкови путовања,"30,000",,,,"30,000"
,423,Услуге по уговору,"80,000",,,,"80,000"
,426,Материјал,"180,000",,,,"180,000"
,,Укупно за главу 73:,"1,560,000",0,0,0,"1,560,000"
,,НАКНАДЕ ЗА СТИПЕНДИЈЕ НАДАРЕНИХ УЧЕНИКА И СТУДЕНАТА,,,,,
,,ПРОГРАМ 10 - СРЕДЊЕ ОБРАЗОВАЊЕ,,,,,
,,Функционисање средњих школа,,,,,
,,Средње образовање,,,,,
,472,Накнаде из буџета за образовање-стипендирање студената,"3,000,000",0,0,0,"3,000,000"
,472,Накнаде из буџета за образовање--стипендирање Ђака генрације,"1,500,000",0,0,0,"1,500,000"
,,Укупно за функцију 920:,"4,500,000",0,0,0,"4,500,000"
,,Укупно за главу 74:,"4,500,000",0,0,0,"4,500,000"
,,СОЦИЈАЛНА ЗАШТИТА некласификована на другом месту,,,,,
,,ПРОГРАМ 10 - СРЕДЊЕ ОБРАЗОВАЊЕ,,,,,
,,Функционисање средњих школа,,,,,
,472,Трансфери осталим нивоима власти - намена за:,,,,,
,,* Трансфер АПВ - трошкови превоза ђака средњих школа,"8,800,000",,,,"8,800,000"
,,* Трансфер АПВ - трошкови сахрана избеглих и прогн. лица,"200,000",,,,"200,000"
,472,Регресирање превоза ђака средњих школа,"25,000,000",,,,"25,000,000"
,,Укупно за извор 01:,"25,000,000",,,,"25,000,000"
,,Укупно за извор 07:,"9,000,000",0,0,0,"9,000,000"
,,Укупно за главу 75:,"34,000,000",0,0,0,"34,000,000"
,,ЗДРАВСТВО некласификовано на другом месту,,,,,
,,ПРОГРАМ 12 - ПРИМАРНА ЗДРАВСТВЕНА ЗАШТИТА,,,,,
,,Функционисање установа прим.здравствене заштите,,,,,
,4631,Текући трансфери осталим нивоима власти - Дом здравља,"15,500,000",0,0,0,"15,500,000"
,411,"Трансфери - Плате, додаци и накнаде запослених","10,710,000",,,,"10,710,000"
,412,Трансфери - Социјални доприноси на терет послодавца,"2,340,000",,,,"2,340,000"
,415,Трансфери - Накнаде трошкова за запослене,"1,200,000",,,,"1,200,000"
,423,Трансфери - Услуге по уговору,"350,000",,,,"350,000"
,426,Трансфери - Материјал,"900,000",,,,"900,000"
,4632,Капитални трансфери осталим нивоима власти - Дом здравља,"8,000,000",,,,"8,000,000"
,512,Трансфери - Машине и опрема,"8,000,000",,,,"8,000,000"
,,Укупно за функцију 760:,"23,500,000",0,0,0,"23,500,000"
,,Укупно за главу 76:,"23,500,000",0,0,0,"23,500,000"
,,ТУРИСТИЧКА ОРГАНИЗАЦИЈА,,,,,
,,Туризам,,,,,
,,ПРОГРАМ 4 - РАЗВОЈ ТУРИЗМА,,,,,
,,Управљање развојем туризма,,,,,
,411,"Плате, додаци и накнаде запослених","4,642,000",0,,,"4,642,000"
,412,Социјални доприноси на терет послодавца,"797,000",0,,,"797,000"
,413,Накнаде у натури,"150,000","10,000",,,"160,000"
,414,Социјална давања запосленима,"3,000","5,000",,,"8,000"
,415,Накнаде трошкова за запослене,"300,000","50,000",,,"350,000"
,416,Награде запосленима и остали посебни расходи,"95,000","10,000",,,"105,000"
,421,Стални трошкови,"670,000","50,000",,,"720,000"
,422,Трошкови путовања,"650,000","100,000",,,"750,000"
,423,Услуге по уговору,"7,182,000","1,500,000",,,"8,682,000"
,424,Специјализоване услуге,"130,000",0,,,"130,000"
,425,Текуће поправке и одржавање,"400,000","10,000",,,"410,000"
,426,Материјал,"281,000","370,000",,,"651,000"
,465,Остале текуће донације,"683,000",0,,,"683,000"
,482,"Порези, обавезне таксе и казне",0,"20,000",,,"20,000"
,,Туристичка промоција,,,,,
,423,Услуге по уговору од чега за:,"2,750,000",0,0,0,"2,750,000"
,,"* манифестацију ""Сомборско лето""","1,600,000",,,,"1,600,000"
,,* дочек Нове године,"550,000",,,,"550,000"
,,* финансирање рада фијакерске службе,"300,000",,,,"300,000"
,,* манифестацију ''Ravangrad Wine Fest'',"300,000",,,,"300,000"
,,Укупно за функцију 473:,"18,733,000","2,125,000",0,0,"20,858,000"
,,Укупно за главу 77:,"18,733,000","2,125,000",0,0,"20,858,000"
,,Опште услуге,,,,,
,,ПРОГРАМ 3- ЛОКАЛНИ ЕКОНОМСКИ РАЗВОЈ,,,,,
,,Унапређење привредног амбијента,,,,,
,481,Развојна агенција града Сомбора,"3,000,000",,,,"3,000,000"
,,Подстицаји за развој предузетништва,,,,,
,481,*Финансирање обуке старих заната,"500,000",,,,"500,000"
,481,*Удружење занатлија,"400,000",,,,"400,000"
,481,*Удружење старих и уметничких заната,"250,000",,,,"250,000"
,,Финансијска подршка локалном економском развоју,,,,,
,481,* пројекти од значаја за локалну самоуправу,"20,500,000",,,,"20,500,000"
,481,* ЛАП запошљавања града Сомбора,"20,000,000",,,,"20,000,000"
,,Укупно за функцију 130:,"44,650,000",0,0,0,"44,650,000"
,,Укупно за главу 78:,"44,650,000",0,0,0,"44,650,000"
,,ПОЉОПРИВРЕДА,,,,,
,,"Програм финансирања радова на заштити, уређењу и коришћењу пољопривредног земљишта","156,000,000",,,,"156,000,000"
,,ПРОГРАМ 5 - РАЗВОЈ ПОЉОПРИВРЕДЕ,,,,,
,,Унапређење услова за пољопривредну делатност,,,,,
,421,Стални трошкови,"150,000",,,,"150,000"
,423,Услуге по уговору,"3,150,000",,,,"3,150,000"
,424,Специјализоване услуге,"33,600,000",,,,"33,600,000"
,425,Текуће поправке и одржавање,"10,200,000",,,,"10,200,000"
,426,Материјал,"3,500,000",,,,"3,500,000"
,482,"Порези, обавезне таксе и казне","200,000",,,,"200,000"
,511,Зграде и грађевински објекти,"92,200,000",,,,"92,200,000"
,512,Машине и опрема,"1,200,000",,,,"1,200,000"
,514,Култивисана имовина,"7,800,000",,,,"7,800,000"
,515,Нематеријална имовина,"400,000",,,,"400,000"
,541,Земљиште,"3,600,000",,,,"3,600,000"
,,Укупно за функцију 421:,"156,000,000",,,,"156,000,000"
,,Укупно за главу 79:,"156,000,000",,,,"156,000,000"
,,Буџет - извор финансирања 01,"2,663,000,000",0,0,0,"2,663,000,000"
,,Сопствена средства - извор финансирања 04,0,"65,087,000",0,0,"65,087,000"
,,Трансфери - извор финансирања 07,"9,000,000",0,"105,035,000",0,"114,035,000"
,,Остали извори финансирања:,0,0,0,0,0
,,УКУПНО,"2,672,000,000","65,087,000","105,035,000",0,"2,842,122,000"